dataset,scheme,method,missing_rate,accuracy_mean,accuracy_std,balanced_accuracy_mean,balanced_accuracy_std,f1_mean,f1_std,roc_auc_mean,roc_auc_std
breast_cancer,mar1,naive,0.1,0.9719298245614034,0.016873143913746787,0.9648809523809524,0.02146849235556993,0.9606649517154953,0.02424922863891052,0.9909391534391535,0.00434071079976462
breast_cancer,mar1,naive,0.2,0.9701754385964912,0.020194499005651467,0.9615079365079365,0.02518942784448019,0.9578272887095706,0.02936809085628766,0.9892195767195767,0.0055757930090773586
breast_cancer,mar1,naive,0.3,0.9719298245614034,0.016873143913746804,0.9638888888888889,0.020626810830055534,0.9605488076969124,0.024157494587386103,0.9874338624338626,0.0068533008518725696
breast_cancer,mar1,naive,0.4,0.968421052631579,0.013303290252722031,0.9591269841269842,0.015832661997940915,0.9555510388437216,0.01913343587614602,0.9872354497354496,0.00725104236701889
breast_cancer,mar1,naive,0.5,0.9736842105263157,0.016410778012166432,0.9652777777777779,0.020307033224661437,0.9628974978504805,0.023587861512120393,0.9869047619047618,0.009525876098537951
breast_cancer,mar1,oracle,0.1,0.9736842105263157,0.016410778012166415,0.9682539682539684,0.019121364352575804,0.963557987272357,0.022935123432123165,0.9918650793650794,0.004573784497888934
breast_cancer,mar1,oracle,0.2,0.9736842105263157,0.016410778012166415,0.9682539682539684,0.019121364352575804,0.963557987272357,0.022935123432123165,0.9918650793650794,0.004573784497888934
breast_cancer,mar1,oracle,0.3,0.9736842105263157,0.016410778012166415,0.9682539682539684,0.019121364352575804,0.963557987272357,0.022935123432123165,0.9918650793650794,0.004573784497888934
breast_cancer,mar1,oracle,0.4,0.9736842105263157,0.016410778012166415,0.9682539682539684,0.019121364352575804,0.963557987272357,0.022935123432123165,0.9918650793650794,0.004573784497888934
breast_cancer,mar1,oracle,0.5,0.9736842105263157,0.016410778012166415,0.9682539682539684,0.019121364352575804,0.963557987272357,0.022935123432123165,0.9918650793650794,0.004573784497888934
breast_cancer,mar1,unlabeled,0.1,0.968421052631579,0.015935001863671052,0.9630952380952381,0.019483379386297593,0.9563568189331708,0.02263387958390073,0.9913359788359788,0.0034397893185041726
breast_cancer,mar1,unlabeled,0.2,0.9631578947368421,0.015691705105261675,0.9579365079365079,0.016189187429255132,0.9494923576035317,0.02139418573657039,0.9882275132275133,0.004074310272820489
breast_cancer,mar1,unlabeled,0.3,0.956140350877193,0.016410778012166442,0.9503968253968254,0.01792590376943717,0.9397774665421725,0.022319816919686094,0.989616402116402,0.009744355362837038
breast_cancer,mar1,unlabeled,0.4,0.9596491228070174,0.021125604524196998,0.9551587301587301,0.023741221475057653,0.9447414087586253,0.029414102411077232,0.9869708994708996,0.007477494625202836
breast_cancer,mar1,unlabeled,0.5,0.9649122807017543,0.017543859649122785,0.9603174603174602,0.01904400180600442,0.9519163763066203,0.024110026831589172,0.9875,0.009221981839581981
breast_cancer,mar2,naive,0.1,0.9719298245614034,0.009609167675529247,0.9648809523809524,0.011666767897196062,0.9609110334744578,0.013694391458833987,0.9918650793650793,0.004874702053317658
breast_cancer,mar2,naive,0.2,0.9719298245614034,0.011437197202109887,0.9638888888888889,0.013097492590924102,0.9607347184582956,0.016144884502187738,0.9913359788359788,0.006328159007789859
breast_cancer,mar2,naive,0.3,0.9666666666666666,0.011437197202109915,0.9577380952380953,0.016128279811405227,0.9530706834092653,0.016752095480058005,0.9887566137566137,0.0069405065680606184
breast_cancer,mar2,naive,0.4,0.9666666666666666,0.011437197202109903,0.9577380952380953,0.01558518800528217,0.9531242672115022,0.016482611646954557,0.9875661375661375,0.0074884549495863794
breast_cancer,mar2,naive,0.5,0.956140350877193,0.02974706132949681,0.9424603174603174,0.03821054597732295,0.9362089367165902,0.04503939937525529,0.9818783068783068,0.005696091884178384
breast_cancer,mar2,oracle,0.1,0.9736842105263157,0.016410778012166415,0.9682539682539684,0.019121364352575804,0.963557987272357,0.022935123432123165,0.9918650793650794,0.004573784497888934
breast_cancer,mar2,oracle,0.2,0.9736842105263157,0.016410778012166415,0.9682539682539684,0.019121364352575804,0.963557987272357,0.022935123432123165,0.9918650793650794,0.004573784497888934
breast_cancer,mar2,oracle,0.3,0.9736842105263157,0.016410778012166415,0.9682539682539684,0.019121364352575804,0.963557987272357,0.022935123432123165,0.9918650793650794,0.004573784497888934
breast_cancer,mar2,oracle,0.4,0.9736842105263157,0.016410778012166415,0.9682539682539684,0.019121364352575804,0.963557987272357,0.022935123432123165,0.9918650793650794,0.004573784497888934
breast_cancer,mar2,oracle,0.5,0.9736842105263157,0.016410778012166415,0.9682539682539684,0.019121364352575804,0.963557987272357,0.022935123432123165,0.9918650793650794,0.004573784497888934
breast_cancer,mar2,unlabeled,0.1,0.9666666666666666,0.0168731439137468,0.9607142857142857,0.020314301744809957,0.9538324356858962,0.023858889039699155,0.9914021164021163,0.004117030290340196
breast_cancer,mar2,unlabeled,0.2,0.968421052631579,0.01818986083625237,0.9630952380952381,0.021500558829536578,0.9563617943128155,0.0256704266884673,0.9933201058201059,0.006183950852436363
breast_cancer,mar2,unlabeled,0.3,0.9649122807017545,0.010743376064838547,0.9593253968253969,0.014664430058625479,0.9515375418247372,0.015740303512658156,0.9926587301587301,0.004945966895699561
breast_cancer,mar2,unlabeled,0.4,0.9631578947368421,0.011437197202109945,0.955952380952381,0.014145169541775852,0.9488346668327055,0.016365610981198847,0.9881613756613756,0.003016337103436852
breast_cancer,mar2,unlabeled,0.5,0.9596491228070174,0.007845852552630879,0.9551587301587302,0.008884370308427841,0.9448515722398548,0.010567315553130745,0.9810846560846562,0.007174478068160569
breast_cancer,mcar,naive,0.1,0.9701754385964912,0.014678246079545187,0.9644841269841271,0.01790392900939049,0.958678539166344,0.020625865451446086,0.990079365079365,0.005042311733457963
breast_cancer,mcar,naive,0.2,0.968421052631579,0.015935001863671,0.961111111111111,0.01945810582605927,0.9559044462791156,0.022723357864831754,0.9880952380952381,0.00512832751960012
breast_cancer,mcar,naive,0.3,0.9701754385964912,0.01921833535105842,0.9644841269841271,0.02334407821384947,0.958558093517443,0.027337805760282278,0.9894179894179894,0.007188182909816197
breast_cancer,mcar,naive,0.4,0.9666666666666666,0.013010874538764336,0.9597222222222221,0.01628012160692932,0.9536131284720764,0.01880634849558723,0.9893518518518519,0.007944770830923403
breast_cancer,mcar,naive,0.5,0.9666666666666666,0.015691705105261675,0.9607142857142857,0.019397314927706792,0.9537880441627136,0.022391965816423588,0.9886243386243386,0.00840038219445105
breast_cancer,mcar,oracle,0.1,0.9736842105263157,0.016410778012166415,0.9682539682539684,0.019121364352575804,0.963557987272357,0.022935123432123165,0.9918650793650794,0.004573784497888934
breast_cancer,mcar,oracle,0.2,0.9736842105263157,0.016410778012166415,0.9682539682539684,0.019121364352575804,0.963557987272357,0.022935123432123165,0.9918650793650794,0.004573784497888934
breast_cancer,mcar,oracle,0.3,0.9736842105263157,0.016410778012166415,0.9682539682539684,0.019121364352575804,0.963557987272357,0.022935123432123165,0.9918650793650794,0.004573784497888934
breast_cancer,mcar,oracle,0.4,0.9736842105263157,0.016410778012166415,0.9682539682539684,0.019121364352575804,0.963557987272357,0.022935123432123165,0.9918650793650794,0.004573784497888934
breast_cancer,mcar,oracle,0.5,0.9736842105263157,0.016410778012166415,0.9682539682539684,0.019121364352575804,0.963557987272357,0.022935123432123165,0.9918650793650794,0.004573784497888934
breast_cancer,mcar,unlabeled,0.1,0.968421052631579,0.015935001863671052,0.9630952380952381,0.019483379386297593,0.9563568189331708,0.02263387958390073,0.9911375661375661,0.0038663616145671966
breast_cancer,mcar,unlabeled,0.2,0.9614035087719298,0.01330329025272204,0.9555555555555555,0.013482577197297231,0.9469629989766121,0.018015237735450787,0.9878968253968253,0.004027066383166866
breast_cancer,mcar,unlabeled,0.3,0.9614035087719298,0.018189860836252358,0.9575396825396826,0.021660179126414443,0.9471911372057068,0.02564383386105632,0.9933862433862434,0.006265639987267327
breast_cancer,mcar,unlabeled,0.4,0.9631578947368421,0.02511898432153748,0.9579365079365079,0.027101678477844372,0.9493905937338203,0.03471757986954377,0.9884920634920634,0.008960358857222258
breast_cancer,mcar,unlabeled,0.5,0.9666666666666666,0.013010874538764358,0.9617063492063492,0.01652016583798991,0.9540669004516568,0.018761473790559865,0.9903439153439153,0.0073402270578332455
breast_cancer,mnar,naive,0.1,0.9719298245614034,0.015691705105261692,0.9638888888888889,0.01915479108912254,0.9605984846387023,0.02227178724255765,0.9881613756613756,0.005720039235566066
breast_cancer,mnar,naive,0.2,0.9666666666666666,0.011437197202109952,0.9557539682539684,0.015490174797049063,0.9526370648321867,0.017289331628866016,0.9883597883597884,0.008271824101254517
breast_cancer,mnar,naive,0.3,0.9526315789473685,0.02112560452419701,0.9357142857142857,0.028670463282838766,0.9304873294346978,0.03306187414086781,0.9861772486772488,0.010823145457315712
breast_cancer,mnar,naive,0.4,0.7385964912280703,0.09018465377175354,0.6452380952380953,0.12239345869023692,0.40069547938400396,0.326366365730615,0.8548941798941799,0.16119724204198316
breast_cancer,mnar,naive,0.5,0.6368421052631579,0.011768778828946289,0.5071428571428571,0.015971914124998488,0.026666666666666665,0.05962847939999439,0.5761904761904761,0.11172810904814386
breast_cancer,mnar,oracle,0.1,0.9736842105263157,0.016410778012166415,0.9682539682539684,0.019121364352575804,0.963557987272357,0.022935123432123165,0.9918650793650794,0.004573784497888934
breast_cancer,mnar,oracle,0.2,0.9736842105263157,0.016410778012166415,0.9682539682539684,0.019121364352575804,0.963557987272357,0.022935123432123165,0.9918650793650794,0.004573784497888934
breast_cancer,mnar,oracle,0.3,0.9736842105263157,0.016410778012166415,0.9682539682539684,0.019121364352575804,0.963557987272357,0.022935123432123165,0.9918650793650794,0.004573784497888934
breast_cancer,mnar,oracle,0.4,0.9736842105263157,0.016410778012166415,0.9682539682539684,0.019121364352575804,0.963557987272357,0.022935123432123165,0.9918650793650794,0.004573784497888934
breast_cancer,mnar,oracle,0.5,0.9736842105263157,0.016410778012166415,0.9682539682539684,0.019121364352575804,0.963557987272357,0.022935123432123165,0.9918650793650794,0.004573784497888934
breast_cancer,mnar,unlabeled,0.1,0.9614035087719298,0.01330329025272204,0.9575396825396826,0.01564506459262258,0.9473115828546078,0.018414659051966847,0.9908068783068783,0.005995398642015634
breast_cancer,mnar,unlabeled,0.2,0.9543859649122807,0.02094269541458477,0.95,0.0235873396408503,0.937683309585956,0.028925517315837593,0.990079365079365,0.010527617314637366
breast_cancer,mnar,unlabeled,0.3,0.9649122807017545,0.02057199894659399,0.9563492063492063,0.024290366164077964,0.9507295305884785,0.029642439431791456,0.9899470899470899,0.011762915227917156
breast_cancer,mnar,unlabeled,0.4,0.8087719298245615,0.14136149303956033,0.7950396825396826,0.13717515568466696,0.7501969406905037,0.16127821520389235,0.8644510582010583,0.17735261909785213
breast_cancer,mnar,unlabeled,0.5,0.6350877192982456,0.25283860912707223,0.6843253968253968,0.1740448097617067,0.6738308665137933,0.13392571105144171,0.8290013227513228,0.14234144515703154
ionosphere,mar1,naive,0.1,0.8901408450704226,0.023143206655147883,0.8567826086956523,0.032566059082406486,0.9197148409706013,0.015963958593752117,0.9132173913043479,0.036986688455082684
ionosphere,mar1,naive,0.2,0.8845070422535212,0.011783944035691257,0.8469565217391304,0.01115283072902664,0.9160785171300635,0.009319542833957058,0.9076521739130434,0.04073706551307118
ionosphere,mar1,naive,0.3,0.8732394366197184,0.02816901408450706,0.8309565217391304,0.03332460503242473,0.908798185941043,0.01988391917663895,0.889913043478261,0.05135811478852565
ionosphere,mar1,naive,0.4,0.8704225352112676,0.023143206655147883,0.8287826086956521,0.02771956513214653,0.9065083804298798,0.016466405826875193,0.8904347826086957,0.05765748549208786
ionosphere,mar1,naive,0.5,0.876056338028169,0.02519513214084275,0.8331304347826087,0.03236926591971886,0.9110534365029181,0.017235044588790577,0.9029565217391304,0.04332843751122881
ionosphere,mar1,oracle,0.1,0.8873239436619718,0.01991850087849434,0.8509565217391305,0.027695686301255386,0.9181320530316732,0.013542596122145308,0.9078260869565218,0.034476917567998276
ionosphere,mar1,oracle,0.2,0.8873239436619718,0.01991850087849434,0.8509565217391305,0.027695686301255386,0.9181320530316732,0.013542596122145308,0.9078260869565218,0.034476917567998276
ionosphere,mar1,oracle,0.3,0.8873239436619718,0.01991850087849434,0.8509565217391305,0.027695686301255386,0.9181320530316732,0.013542596122145308,0.9078260869565218,0.034476917567998276
ionosphere,mar1,oracle,0.4,0.8873239436619718,0.01991850087849434,0.8509565217391305,0.027695686301255386,0.9181320530316732,0.013542596122145308,0.9078260869565218,0.034476917567998276
ionosphere,mar1,oracle,0.5,0.8873239436619718,0.01991850087849434,0.8509565217391305,0.027695686301255386,0.9181320530316732,0.013542596122145308,0.9078260869565218,0.034476917567998276
ionosphere,mar1,unlabeled,0.1,0.8873239436619718,0.03590858812389287,0.8527826086956521,0.042952913067925834,0.9178606494144048,0.025704870867488513,0.8928695652173912,0.03057977883088654
ionosphere,mar1,unlabeled,0.2,0.876056338028169,0.011783944035691258,0.8367826086956522,0.013311024184461537,0.9102002562974582,0.008564170737737185,0.8928695652173912,0.032787336759728385
ionosphere,mar1,unlabeled,0.3,0.8732394366197184,0.022269560987101304,0.8364347826086957,0.024532298065880337,0.9075952030296655,0.016275533585457354,0.8704347826086956,0.059191145304172466
ionosphere,mar1,unlabeled,0.4,0.8732394366197183,0.017249927766078754,0.8309565217391304,0.019607201331280497,0.9087119033805336,0.012424539842914785,0.8624347826086958,0.04010100668611795
ionosphere,mar1,unlabeled,0.5,0.8676056338028169,0.027455758717771707,0.8229565217391304,0.034034620425731625,0.9051565972923823,0.019093988294532953,0.8765217391304347,0.039739225573095144
ionosphere,mar2,naive,0.1,0.8816901408450704,0.016058808804213263,0.8429565217391305,0.02288171275993077,0.9143466458353677,0.011040363840733097,0.8993043478260869,0.024743676513610667
ionosphere,mar2,naive,0.2,0.8704225352112676,0.018363950437190572,0.8287826086956521,0.025499545939098416,0.9066027623170481,0.012280637997398654,0.910608695652174,0.011125678331521335
ionosphere,mar2,naive,0.3,0.8676056338028169,0.01889634910563207,0.826608695652174,0.02304429859081278,0.9042913832199547,0.013448577235814944,0.9017391304347825,0.020169414790857744
ionosphere,mar2,naive,0.4,0.856338028169014,0.04033189031908835,0.810608695652174,0.05426741877978716,0.897387391849944,0.026173200677398877,0.8673043478260869,0.032089195161685874
ionosphere,mar2,naive,0.5,0.8535211267605634,0.021360212518455043,0.8139130434782608,0.026353708627289963,0.8934807256235828,0.014912572566951509,0.8718260869565218,0.02679192384590626
ionosphere,mar2,oracle,0.1,0.8873239436619718,0.01991850087849434,0.8509565217391305,0.027695686301255386,0.9181320530316732,0.013542596122145308,0.9078260869565218,0.034476917567998276
ionosphere,mar2,oracle,0.2,0.8873239436619718,0.01991850087849434,0.8509565217391305,0.027695686301255386,0.9181320530316732,0.013542596122145308,0.9078260869565218,0.034476917567998276
ionosphere,mar2,oracle,0.3,0.8873239436619718,0.01991850087849434,0.8509565217391305,0.027695686301255386,0.9181320530316732,0.013542596122145308,0.9078260869565218,0.034476917567998276
ionosphere,mar2,oracle,0.4,0.8873239436619718,0.01991850087849434,0.8509565217391305,0.027695686301255386,0.9181320530316732,0.013542596122145308,0.9078260869565218,0.034476917567998276
ionosphere,mar2,oracle,0.5,0.8873239436619718,0.01991850087849434,0.8509565217391305,0.027695686301255386,0.9181320530316732,0.013542596122145308,0.9078260869565218,0.034476917567998276
ionosphere,mar2,unlabeled,0.1,0.8816901408450704,0.012597566070421385,0.8429565217391305,0.016789590798117846,0.9143201423024692,0.008720438698773312,0.8725217391304347,0.015168866732831793
ionosphere,mar2,unlabeled,0.2,0.8816901408450704,0.025585777640260526,0.8520869565217393,0.0240262144168833,0.9122941877116659,0.020321616736899004,0.8940869565217391,0.02120562753000715
ionosphere,mar2,unlabeled,0.3,0.8873239436619718,0.028169014084507036,0.8619130434782608,0.029642801017682466,0.9158562930119629,0.021347098517856752,0.8626086956521739,0.027600991735832813
ionosphere,mar2,unlabeled,0.4,0.876056338028169,0.04386594789407729,0.8367826086956522,0.05784863894989569,0.9105706955408804,0.03065707894179087,0.8627826086956523,0.08951750523172072
ionosphere,mar2,unlabeled,0.5,0.8619718309859155,0.023143206655147876,0.8222608695652174,0.02613473884830664,0.8995902256770458,0.018216013225670857,0.8503478260869566,0.08139056112629822
ionosphere,mcar,naive,0.1,0.8873239436619718,0.028169014084507064,0.8527826086956523,0.04031140597642117,0.9179993486756406,0.018948455693315776,0.9121739130434783,0.03828062730966114
ionosphere,mcar,naive,0.2,0.8816901408450704,0.01605880880421322,0.8429565217391305,0.017068747903975022,0.9142270548956851,0.012042121474701632,0.904695652173913,0.04082606380515152
ionosphere,mcar,naive,0.3,0.8704225352112676,0.02089069996364976,0.8269565217391305,0.029416184478323518,0.9069984257370551,0.014070573653956054,0.8742608695652174,0.057960288862859956
ionosphere,mcar,naive,0.4,0.8507042253521127,0.01889634910563201,0.8007826086956522,0.03420774959457495,0.8940206375968309,0.010365192500888283,0.8834782608695653,0.053331364172847374
ionosphere,mcar,naive,0.5,0.8676056338028169,0.007714402218382611,0.8211304347826086,0.008389163953198699,0.9054064181928396,0.005956576640065156,0.8841739130434784,0.05302708228421169
ionosphere,mcar,oracle,0.1,0.8873239436619718,0.01991850087849434,0.8509565217391305,0.027695686301255386,0.9181320530316732,0.013542596122145308,0.9078260869565218,0.034476917567998276
ionosphere,mcar,oracle,0.2,0.8873239436619718,0.01991850087849434,0.8509565217391305,0.027695686301255386,0.9181320530316732,0.013542596122145308,0.9078260869565218,0.034476917567998276
ionosphere,mcar,oracle,0.3,0.8873239436619718,0.01991850087849434,0.8509565217391305,0.027695686301255386,0.9181320530316732,0.013542596122145308,0.9078260869565218,0.034476917567998276
ionosphere,mcar,oracle,0.4,0.8873239436619718,0.01991850087849434,0.8509565217391305,0.027695686301255386,0.9181320530316732,0.013542596122145308,0.9078260869565218,0.034476917567998276
ionosphere,mcar,oracle,0.5,0.8873239436619718,0.01991850087849434,0.8509565217391305,0.027695686301255386,0.9181320530316732,0.013542596122145308,0.9078260869565218,0.034476917567998276
ionosphere,mcar,unlabeled,0.1,0.8901408450704225,0.03362629967975586,0.8549565217391304,0.040999561987609116,0.920086994497893,0.023974040595022263,0.8902608695652173,0.030319034554759573
ionosphere,mcar,unlabeled,0.2,0.876056338028169,0.027092090227706155,0.8349565217391305,0.037243895479294194,0.910801309722809,0.018210446962587647,0.8862608695652174,0.03750941910692737
ionosphere,mcar,unlabeled,0.3,0.8816901408450704,0.018896349105632055,0.8466086956521739,0.02993755315397172,0.9137421572821902,0.012638226470019097,0.8594782608695652,0.06756527334785889
ionosphere,mcar,unlabeled,0.4,0.8647887323943662,0.02136021251845513,0.8280869565217392,0.03329509463918273,0.901313497160406,0.014679412316664132,0.8332173913043478,0.06149799818464288
ionosphere,mcar,unlabeled,0.5,0.8647887323943662,0.025585777640260488,0.8262608695652174,0.02271837942515061,0.9013626312409879,0.020424631341880318,0.8576521739130435,0.05950139392499148
ionosphere,mnar,naive,0.1,0.8845070422535212,0.0183639504371906,0.850608695652174,0.028310324621085303,0.9155967348090488,0.012189132521356064,0.9177391304347827,0.03774654305081903
ionosphere,mnar,naive,0.2,0.8816901408450704,0.01889634910563205,0.8502608695652174,0.03072932012446597,0.9130627119758244,0.012143592080926116,0.9085217391304348,0.0319581484353798
ionosphere,mnar,naive,0.3,0.8873239436619718,0.022269560987101276,0.860086956521739,0.023499185522627086,0.9162631944524614,0.016933039446926857,0.9095652173913044,0.03832011223744468
ionosphere,mnar,naive,0.4,0.876056338028169,0.015428804436765267,0.8532173913043477,0.018370787198871984,0.906772778720996,0.011500453407017937,0.9071304347826088,0.04200279043750383
ionosphere,mnar,naive,0.5,0.8704225352112676,0.03645684255083038,0.8561739130434782,0.04530760231989017,0.9006859439189121,0.02690352681445758,0.9140869565217391,0.037428697177443356
ionosphere,mnar,oracle,0.1,0.8873239436619718,0.01991850087849434,0.8509565217391305,0.027695686301255386,0.9181320530316732,0.013542596122145308,0.9078260869565218,0.034476917567998276
ionosphere,mnar,oracle,0.2,0.8873239436619718,0.01991850087849434,0.8509565217391305,0.027695686301255386,0.9181320530316732,0.013542596122145308,0.9078260869565218,0.034476917567998276
ionosphere,mnar,oracle,0.3,0.8873239436619718,0.01991850087849434,0.8509565217391305,0.027695686301255386,0.9181320530316732,0.013542596122145308,0.9078260869565218,0.034476917567998276
ionosphere,mnar,oracle,0.4,0.8873239436619718,0.01991850087849434,0.8509565217391305,0.027695686301255386,0.9181320530316732,0.013542596122145308,0.9078260869565218,0.034476917567998276
ionosphere,mnar,oracle,0.5,0.8873239436619718,0.01991850087849434,0.8509565217391305,0.027695686301255386,0.9181320530316732,0.013542596122145308,0.9078260869565218,0.034476917567998276
ionosphere,mnar,unlabeled,0.1,0.8845070422535212,0.015428804436765293,0.850608695652174,0.021644576980514255,0.9155349479603414,0.010576365790837598,0.9041739130434783,0.028240126166466074
ionosphere,mnar,unlabeled,0.2,0.8873239436619718,0.01408450704225354,0.8582608695652174,0.02101624180627298,0.9167304625199362,0.009664663826195272,0.8986086956521738,0.04405101012898274
ionosphere,mnar,unlabeled,0.3,0.8647887323943662,0.027455758717771735,0.8280869565217392,0.03357073619869686,0.9013024164597686,0.019794055600897174,0.8869565217391304,0.04467060709231761
ionosphere,mnar,unlabeled,0.4,0.8676056338028169,0.01605880880421323,0.8320869565217391,0.022881712759930742,0.903151628555069,0.011075407830470129,0.8817391304347826,0.041593950410787464
ionosphere,mnar,unlabeled,0.5,0.8591549295774648,0.02816901408450704,0.8237391304347825,0.03406681969539846,0.8967556681090351,0.02025420669761497,0.8568695652173913,0.05626228074300348
madelon,mar1,naive,0.1,0.5288461538461539,0.0050879832905088105,0.5288461538461539,0.005087983290508875,0.5235320507498803,0.0042529272944866955,0.5422307692307692,0.011461267917064295
madelon,mar1,naive,0.2,0.5223076923076924,0.019259593782391213,0.5223076923076924,0.01925959378239123,0.5189905457701044,0.018376952390198507,0.5323313609467456,0.01930412329851731
madelon,mar1,naive,0.3,0.5207692307692307,0.024454099013864344,0.5207692307692308,0.024454099013864403,0.5145220187035839,0.029502495818411016,0.5299704142011834,0.025413746973643254
madelon,mar1,naive,0.4,0.5169230769230769,0.008749471666213352,0.5169230769230768,0.008749471666213348,0.513683544023737,0.015243418989975627,0.5222248520710059,0.010182483607152485
madelon,mar1,naive,0.5,0.5196153846153846,0.009262765060609468,0.5196153846153846,0.009262765060609454,0.5221417204665464,0.01640200504994693,0.5275177514792899,0.0070542388043689135
madelon,mar1,oracle,0.1,0.5223076923076924,0.01158643871645547,0.5223076923076923,0.011586438716455446,0.5193505842035898,0.00930287317684427,0.542387573964497,0.017560762354228186
madelon,mar1,oracle,0.2,0.5223076923076924,0.01158643871645547,0.5223076923076923,0.011586438716455446,0.5193505842035898,0.00930287317684427,0.542387573964497,0.017560762354228186
madelon,mar1,oracle,0.3,0.5223076923076924,0.01158643871645547,0.5223076923076923,0.011586438716455446,0.5193505842035898,0.00930287317684427,0.542387573964497,0.017560762354228186
madelon,mar1,oracle,0.4,0.5223076923076924,0.01158643871645547,0.5223076923076923,0.011586438716455446,0.5193505842035898,0.00930287317684427,0.542387573964497,0.017560762354228186
madelon,mar1,oracle,0.5,0.5223076923076924,0.01158643871645547,0.5223076923076923,0.011586438716455446,0.5193505842035898,0.00930287317684427,0.542387573964497,0.017560762354228186
madelon,mar1,unlabeled,0.1,0.6126923076923078,0.02617787357843945,0.6126923076923078,0.02617787357843945,0.6079351612118701,0.02021949267621486,0.6358002958579881,0.024085294842415495
madelon,mar1,unlabeled,0.2,0.6123076923076922,0.0329065379018576,0.6123076923076922,0.0329065379018576,0.6109911459463425,0.019889176592241712,0.6296967455621302,0.026888403040987847
madelon,mar1,unlabeled,0.3,0.61,0.03354101966249684,0.61,0.03354101966249684,0.6048821317697797,0.026319449507592765,0.633846153846154,0.03310619283960075
madelon,mar1,unlabeled,0.4,0.6038461538461538,0.03615691476339071,0.6038461538461538,0.036156914763390675,0.5964606526510687,0.03530979062425648,0.6189215976331361,0.04160974542635749
madelon,mar1,unlabeled,0.5,0.5488461538461539,0.04227708683206446,0.5488461538461539,0.04227708683206446,0.5543922739225026,0.03824963176902649,0.5795621301775148,0.04206389670155795
madelon,mar2,naive,0.1,0.5288461538461539,0.02205258642534564,0.5288461538461539,0.02205258642534566,0.523001699965691,0.025935128837339932,0.5470680473372781,0.02092055536828494
madelon,mar2,naive,0.2,0.5207692307692308,0.020460670889646714,0.5207692307692308,0.02046067088964676,0.5128386077985725,0.028855964905552974,0.5390207100591716,0.024563589200150518
madelon,mar2,naive,0.3,0.5230769230769231,0.020487765146790876,0.5230769230769231,0.02048776514679091,0.5103004637134013,0.024544159915991445,0.5415147928994083,0.02599918164756182
madelon,mar2,naive,0.4,0.5419230769230768,0.017168241631281247,0.541923076923077,0.017168241631281292,0.5353396187068391,0.018472255478238307,0.5486538461538462,0.013573434418543398
madelon,mar2,naive,0.5,0.5280769230769231,0.03202370608594968,0.5280769230769231,0.03202370608594968,0.5187334305309114,0.039120418975765944,0.5352248520710059,0.026228414291020716
madelon,mar2,oracle,0.1,0.5223076923076924,0.01158643871645547,0.5223076923076923,0.011586438716455446,0.5193505842035898,0.00930287317684427,0.542387573964497,0.017560762354228186
madelon,mar2,oracle,0.2,0.5223076923076924,0.01158643871645547,0.5223076923076923,0.011586438716455446,0.5193505842035898,0.00930287317684427,0.542387573964497,0.017560762354228186
madelon,mar2,oracle,0.3,0.5223076923076924,0.01158643871645547,0.5223076923076923,0.011586438716455446,0.5193505842035898,0.00930287317684427,0.542387573964497,0.017560762354228186
madelon,mar2,oracle,0.4,0.5223076923076924,0.01158643871645547,0.5223076923076923,0.011586438716455446,0.5193505842035898,0.00930287317684427,0.542387573964497,0.017560762354228186
madelon,mar2,oracle,0.5,0.5223076923076924,0.01158643871645547,0.5223076923076923,0.011586438716455446,0.5193505842035898,0.00930287317684427,0.542387573964497,0.017560762354228186
madelon,mar2,unlabeled,0.1,0.6242307692307693,0.0150565993315872,0.6242307692307693,0.01505659933158716,0.6190355229033001,0.01502249216615433,0.6410813609467455,0.016613529538609825
madelon,mar2,unlabeled,0.2,0.62,0.008448416398649506,0.62,0.008448416398649506,0.6154670268257809,0.010716121109027947,0.6394008875739645,0.013877766029600667
madelon,mar2,unlabeled,0.3,0.6161538461538462,0.017016786004329983,0.6161538461538462,0.017016786004329914,0.6101574507230522,0.015441817212502611,0.6341923076923077,0.011272716406631654
madelon,mar2,unlabeled,0.4,0.6023076923076923,0.02673007746752934,0.6023076923076923,0.02673007746752933,0.5988264776777468,0.03266509494841805,0.6267633136094675,0.020051761233540785
madelon,mar2,unlabeled,0.5,0.58,0.0286079911871371,0.5800000000000001,0.028607991187137114,0.5754727320831667,0.03282736394190608,0.594559171597633,0.036271871710627936
madelon,mcar,naive,0.1,0.5273076923076923,0.012857318961882181,0.5273076923076923,0.012857318961882217,0.5223264775976346,0.01155785822640155,0.5444437869822486,0.013157864510643298
madelon,mcar,naive,0.2,0.523076923076923,0.013253893030855977,0.523076923076923,0.013253893030855977,0.5170444180136944,0.014078885447087491,0.5349733727810652,0.019621584716306043
madelon,mcar,naive,0.3,0.5238461538461539,0.01679805215532495,0.5238461538461539,0.016798052155324972,0.513595469708654,0.013134672457544745,0.5312485207100591,0.01291415712661173
madelon,mcar,naive,0.4,0.5269230769230769,0.019469669933958267,0.5269230769230769,0.0194696699339583,0.5187362305305324,0.02414342077229647,0.5343994082840237,0.013210802936979151
madelon,mcar,naive,0.5,0.5326923076923077,0.011854642313401885,0.5326923076923077,0.011854642313401944,0.5243853914530888,0.026046741282810038,0.5377603550295857,0.017236637258536056
madelon,mcar,oracle,0.1,0.5223076923076924,0.01158643871645547,0.5223076923076923,0.011586438716455446,0.5193505842035898,0.00930287317684427,0.542387573964497,0.017560762354228186
madelon,mcar,oracle,0.2,0.5223076923076924,0.01158643871645547,0.5223076923076923,0.011586438716455446,0.5193505842035898,0.00930287317684427,0.542387573964497,0.017560762354228186
madelon,mcar,oracle,0.3,0.5223076923076924,0.01158643871645547,0.5223076923076923,0.011586438716455446,0.5193505842035898,0.00930287317684427,0.542387573964497,0.017560762354228186
madelon,mcar,oracle,0.4,0.5223076923076924,0.01158643871645547,0.5223076923076923,0.011586438716455446,0.5193505842035898,0.00930287317684427,0.542387573964497,0.017560762354228186
madelon,mcar,oracle,0.5,0.5223076923076924,0.01158643871645547,0.5223076923076923,0.011586438716455446,0.5193505842035898,0.00930287317684427,0.542387573964497,0.017560762354228186
madelon,mcar,unlabeled,0.1,0.6242307692307693,0.015056599331587204,0.6242307692307693,0.01505659933158716,0.6202155293512326,0.015080638819221732,0.6423387573964497,0.017077138933485524
madelon,mcar,unlabeled,0.2,0.6211538461538462,0.013113636247101783,0.6211538461538462,0.013113636247101738,0.6168376131447595,0.012420134846850261,0.6439334319526627,0.017542122823127677
madelon,mcar,unlabeled,0.3,0.6203846153846154,0.012358668471584313,0.6203846153846154,0.012358668471584282,0.6153876873496005,0.014272364041367029,0.6430813609467456,0.018284313599987726
madelon,mcar,unlabeled,0.4,0.6142307692307692,0.006171848667646628,0.6142307692307692,0.006171848667646595,0.6091719389467292,0.009521463754465633,0.62898224852071,0.008862924673792988
madelon,mcar,unlabeled,0.5,0.6061538461538462,0.021345287577710165,0.6061538461538462,0.021345287577710197,0.6039928618256105,0.020382128512253905,0.6169526627218935,0.02040095831502934
madelon,mnar,naive,0.1,0.5276923076923077,0.016962366977846147,0.5276923076923077,0.01696236697784615,0.5084805255134441,0.013149815630098786,0.5436715976331361,0.017938470263127622
madelon,mnar,naive,0.2,0.5149999999999999,0.017593789248434855,0.515,0.01759378924843489,0.4765821280597543,0.009333527438752312,0.5355591715976331,0.01370780812936025
madelon,mnar,naive,0.3,0.5196153846153846,0.020187728418477987,0.5196153846153846,0.020187728418477987,0.4644670756516813,0.020418654039773353,0.533905325443787,0.019354452626987904
madelon,mnar,naive,0.4,0.5119230769230769,0.011885797800278783,0.5119230769230769,0.011885797800278763,0.416215784903494,0.033217770279682306,0.5276242603550296,0.02729407118922641
madelon,mnar,naive,0.5,0.5088461538461538,0.01150636561665504,0.5088461538461538,0.01150636561665504,0.2836151432347461,0.014476238989862732,0.521414201183432,0.020768563286868588
madelon,mnar,oracle,0.1,0.5223076923076924,0.01158643871645547,0.5223076923076923,0.011586438716455446,0.5193505842035898,0.00930287317684427,0.542387573964497,0.017560762354228186
madelon,mnar,oracle,0.2,0.5223076923076924,0.01158643871645547,0.5223076923076923,0.011586438716455446,0.5193505842035898,0.00930287317684427,0.542387573964497,0.017560762354228186
madelon,mnar,oracle,0.3,0.5223076923076924,0.01158643871645547,0.5223076923076923,0.011586438716455446,0.5193505842035898,0.00930287317684427,0.542387573964497,0.017560762354228186
madelon,mnar,oracle,0.4,0.5223076923076924,0.01158643871645547,0.5223076923076923,0.011586438716455446,0.5193505842035898,0.00930287317684427,0.542387573964497,0.017560762354228186
madelon,mnar,oracle,0.5,0.5223076923076924,0.01158643871645547,0.5223076923076923,0.011586438716455446,0.5193505842035898,0.00930287317684427,0.542387573964497,0.017560762354228186
madelon,mnar,unlabeled,0.1,0.6234615384615385,0.012929027933824262,0.6234615384615385,0.012929027933824262,0.6188253792038152,0.014268667917891529,0.643741124260355,0.0175644863294719
madelon,mnar,unlabeled,0.2,0.6207692307692307,0.017593789248434872,0.6207692307692307,0.017593789248434872,0.6158301309203315,0.020629222391020025,0.6429097633136095,0.01819620102712688
madelon,mnar,unlabeled,0.3,0.6088461538461538,0.0342015865232895,0.6088461538461538,0.0342015865232895,0.6005041642445653,0.03292900767232471,0.6278520710059171,0.038157070952226285
madelon,mnar,unlabeled,0.4,0.6092307692307692,0.02620611293247412,0.6092307692307692,0.026206112932474095,0.6059727813740899,0.023290293346590683,0.6317204142011834,0.025612749590754273
madelon,mnar,unlabeled,0.5,0.5269230769230769,0.03658903382777013,0.5269230769230769,0.03658903382777008,0.525430647493232,0.04171197847856244,0.5314023668639054,0.03408577172427559
spambase,mar1,naive,0.1,0.9129207383279045,0.009321249090699136,0.9048387096774194,0.011013813417016951,0.886869781632169,0.012845235828343267,0.9670986502364801,0.005334482658229863
spambase,mar1,naive,0.2,0.9103148751357221,0.008254756920194667,0.9018217364258421,0.009806440701864951,0.8833021054405238,0.01144311413862711,0.966120145738914,0.005449346860144569
spambase,mar1,naive,0.3,0.9085776330076005,0.006349703156227342,0.8998104209247904,0.007548953961870981,0.8809331882556419,0.008839405466001891,0.96531542206029,0.006485935427606214
spambase,mar1,naive,0.4,0.9087947882736156,0.007243031522327003,0.900278444266714,0.008417796341306218,0.8813817395230513,0.010003530094513572,0.964420845799145,0.006597445669459901
spambase,mar1,naive,0.5,0.9118349619978284,0.004819183717952698,0.9041351935780089,0.00572614129918576,0.88580409311422,0.006531470797738992,0.9640091037451741,0.007154214842801992
spambase,mar1,oracle,0.1,0.9144408251900108,0.006113219657007277,0.9062857312124175,0.008366474772588475,0.8887396613013558,0.009241532812660462,0.9682371120787543,0.004135713528817496
spambase,mar1,oracle,0.2,0.9144408251900108,0.006113219657007277,0.9062857312124175,0.008366474772588475,0.8887396613013558,0.009241532812660462,0.9682371120787543,0.004135713528817496
spambase,mar1,oracle,0.3,0.9144408251900108,0.006113219657007277,0.9062857312124175,0.008366474772588475,0.8887396613013558,0.009241532812660462,0.9682371120787543,0.004135713528817496
spambase,mar1,oracle,0.4,0.9144408251900108,0.006113219657007277,0.9062857312124175,0.008366474772588475,0.8887396613013558,0.009241532812660462,0.9682371120787543,0.004135713528817496
spambase,mar1,oracle,0.5,0.9144408251900108,0.006113219657007277,0.9062857312124175,0.008366474772588475,0.8887396613013558,0.009241532812660462,0.9682371120787543,0.004135713528817496
spambase,mar1,unlabeled,0.1,0.9057546145494028,0.007919471239439943,0.8965179655795492,0.0100267662617096,0.8769585805762592,0.011520016728352286,0.9626544032702389,0.005784576254142932
spambase,mar1,unlabeled,0.2,0.9038002171552659,0.006358979571920222,0.8941348973607038,0.008358512165116141,0.8741767941742591,0.009480470132121365,0.9624213789902939,0.004372662399565409
spambase,mar1,unlabeled,0.3,0.9040173724212812,0.005069540729610756,0.8955656269439262,0.006243751645465054,0.8753891717068288,0.0071776673585938625,0.9618615282838157,0.00609973497469804
spambase,mar1,unlabeled,0.4,0.9051031487513572,0.006312461174266515,0.8969430374122457,0.006774664861273323,0.8769949694633006,0.008115730502375247,0.9603478578551892,0.005567330720481012
spambase,mar1,unlabeled,0.5,0.9053203040173724,0.0091295648250067,0.8965446251370006,0.01010737573571486,0.8767989216573076,0.012129994743748613,0.9590543756232905,0.006635307487842414
spambase,mar2,naive,0.1,0.9137893593919653,0.007852197494794596,0.9057480968038153,0.01044451359205471,0.8879528848785542,0.011515088899226134,0.9671460450052827,0.004278278083109243
spambase,mar2,naive,0.2,0.915743756786102,0.006763262324602575,0.9076498119020113,0.008349233001425187,0.8904612910054223,0.009520410655340586,0.9679033739151042,0.0055371246136148005
spambase,mar2,naive,0.3,0.9131378935939196,0.007323961760712295,0.9056918155158625,0.007682116472762876,0.8876396236081054,0.0093467554770733,0.9671509819603662,0.006724868524016828
spambase,mar2,naive,0.4,0.9120521172638437,0.007404007435931521,0.9051808406647115,0.007306047604660457,0.8866684733210495,0.009101417392821947,0.9649935325888406,0.0063675112892077204
spambase,mar2,naive,0.5,0.91357220412595,0.009759915333005093,0.9067241328238396,0.01029223080666814,0.8885728861429248,0.012537706368774786,0.9639508476751878,0.007301451632672699
spambase,mar2,oracle,0.1,0.9144408251900108,0.006113219657007277,0.9062857312124175,0.008366474772588475,0.8887396613013558,0.009241532812660462,0.9682371120787543,0.004135713528817496
spambase,mar2,oracle,0.2,0.9144408251900108,0.006113219657007277,0.9062857312124175,0.008366474772588475,0.8887396613013558,0.009241532812660462,0.9682371120787543,0.004135713528817496
spambase,mar2,oracle,0.3,0.9144408251900108,0.006113219657007277,0.9062857312124175,0.008366474772588475,0.8887396613013558,0.009241532812660462,0.9682371120787543,0.004135713528817496
spambase,mar2,oracle,0.4,0.9144408251900108,0.006113219657007277,0.9062857312124175,0.008366474772588475,0.8887396613013558,0.009241532812660462,0.9682371120787543,0.004135713528817496
spambase,mar2,oracle,0.5,0.9144408251900108,0.006113219657007277,0.9062857312124175,0.008366474772588475,0.8887396613013558,0.009241532812660462,0.9682371120787543,0.004135713528817496
spambase,mar2,unlabeled,0.1,0.909229098805646,0.008074263818709316,0.9011182203264315,0.009904366235003003,0.8821748248306196,0.011347978667182103,0.9633218795975396,0.004689384789347071
spambase,mar2,unlabeled,0.2,0.91357220412595,0.011506155736581064,0.9061465090790604,0.012648543526401275,0.8881595860807263,0.015144576992416062,0.9644712027409975,0.005343429468311331
spambase,mar2,unlabeled,0.3,0.9120521172638437,0.008161398685327316,0.9054696525371012,0.008877401162180906,0.8868230031249892,0.010604843645181059,0.9626948863019245,0.0071494293916813815
spambase,mar2,unlabeled,0.4,0.9103148751357221,0.009390553012134479,0.9041322314049587,0.01039446925496775,0.8848929821716316,0.012303283318405392,0.9607023312301906,0.006563558869186624
spambase,mar2,unlabeled,0.5,0.9111834961997829,0.007340040730143569,0.9044639947865754,0.008283631665242965,0.8856305149751662,0.009783215781905429,0.9603325532944302,0.007023346250763415
spambase,mcar,naive,0.1,0.9122692725298588,0.006016023964036949,0.9040122633964277,0.0075636578023074285,0.8859519660242,0.008590064421204828,0.967328712343375,0.004177261236205385
spambase,mcar,naive,0.2,0.9103148751357221,0.007103334303494517,0.9014366539293226,0.008201177446743747,0.883065643393094,0.009694729516690967,0.9672971158308401,0.00457073009600148
spambase,mcar,naive,0.3,0.9103148751357221,0.006358979571920224,0.9016291951775823,0.008214208216221009,0.8831638446268656,0.009316744693352941,0.9662692417824383,0.0056643722298046015
spambase,mcar,naive,0.4,0.9107491856677523,0.007956599765716083,0.9022764299890399,0.009163176927757246,0.8838846253697706,0.010786608583356139,0.965200884702351,0.0053946394194856
spambase,mcar,naive,0.5,0.9129207383279045,0.008597538716538186,0.9051275215498089,0.008067409780806545,0.8871822326996395,0.010393834165363337,0.9645610553235187,0.006146914926989041
spambase,mcar,oracle,0.1,0.9144408251900108,0.006113219657007277,0.9062857312124175,0.008366474772588475,0.8887396613013558,0.009241532812660462,0.9682371120787543,0.004135713528817496
spambase,mcar,oracle,0.2,0.9144408251900108,0.006113219657007277,0.9062857312124175,0.008366474772588475,0.8887396613013558,0.009241532812660462,0.9682371120787543,0.004135713528817496
spambase,mcar,oracle,0.3,0.9144408251900108,0.006113219657007277,0.9062857312124175,0.008366474772588475,0.8887396613013558,0.009241532812660462,0.9682371120787543,0.004135713528817496
spambase,mcar,oracle,0.4,0.9144408251900108,0.006113219657007277,0.9062857312124175,0.008366474772588475,0.8887396613013558,0.009241532812660462,0.9682371120787543,0.004135713528817496
spambase,mcar,oracle,0.5,0.9144408251900108,0.006113219657007277,0.9062857312124175,0.008366474772588475,0.8887396613013558,0.009241532812660462,0.9682371120787543,0.004135713528817496
spambase,mcar,unlabeled,0.1,0.9053203040173724,0.005229791348009688,0.8965446251370006,0.006576827628367738,0.8767964234347213,0.007542279100977034,0.9631678465989317,0.004251869267237673
spambase,mcar,unlabeled,0.2,0.9057546145494028,0.003713926466120967,0.8971918599484582,0.005117160374316926,0.8775055840075062,0.005635868339430788,0.9634532026027628,0.004343419196633531
spambase,mcar,unlabeled,0.3,0.9083604777415852,0.006312461174266521,0.8999200213276459,0.006310068717061747,0.8809348108539771,0.007814200626087757,0.9616423274781045,0.005512602255653945
spambase,mcar,unlabeled,0.4,0.9051031487513572,0.0058268872377844816,0.8970393080363754,0.005669850412898711,0.8770869041582336,0.007059284060471614,0.9596122515477354,0.004881740472862188
spambase,mcar,unlabeled,0.5,0.9070575461454939,0.010737663683019427,0.8985559406380521,0.010592793315665507,0.8792655406324034,0.013272111841659417,0.9583572775654886,0.005854875513889339
spambase,mnar,naive,0.1,0.9096634093376764,0.008103412880367124,0.8989736070381232,0.009816120088541082,0.8809328801437308,0.01154398162381078,0.9673514223367595,0.003738007969659962
spambase,mnar,naive,0.2,0.9046688382193266,0.009257795329985762,0.8904232945288664,0.011003379454225413,0.8718136253909119,0.013421848509658227,0.9665940934269379,0.0042275429175108025
spambase,mnar,naive,0.3,0.8946796959826276,0.007753993950643706,0.8751518113688203,0.009639560936166318,0.8541264086773623,0.012012477774016778,0.9647417478795777,0.005389793273792591
spambase,mnar,naive,0.4,0.7802388707926167,0.023471360307039838,0.7254480286738352,0.03006309714992741,0.6240934455538708,0.05665778149380665,0.941208270387156,0.006101798873127339
spambase,mnar,naive,0.5,0.6175895765472312,0.014206668606988994,0.5155499274267603,0.018141304611548083,0.06284016350914054,0.06724786286902462,0.70188246097337,0.11219049752439889
spambase,mnar,oracle,0.1,0.9144408251900108,0.006113219657007277,0.9062857312124175,0.008366474772588475,0.8887396613013558,0.009241532812660462,0.9682371120787543,0.004135713528817496
spambase,mnar,oracle,0.2,0.9144408251900108,0.006113219657007277,0.9062857312124175,0.008366474772588475,0.8887396613013558,0.009241532812660462,0.9682371120787543,0.004135713528817496
spambase,mnar,oracle,0.3,0.9144408251900108,0.006113219657007277,0.9062857312124175,0.008366474772588475,0.8887396613013558,0.009241532812660462,0.9682371120787543,0.004135713528817496
spambase,mnar,oracle,0.4,0.9144408251900108,0.006113219657007277,0.9062857312124175,0.008366474772588475,0.8887396613013558,0.009241532812660462,0.9682371120787543,0.004135713528817496
spambase,mnar,oracle,0.5,0.9144408251900108,0.006113219657007277,0.9062857312124175,0.008366474772588475,0.8887396613013558,0.009241532812660462,0.9682371120787543,0.004135713528817496
spambase,mnar,unlabeled,0.1,0.9033659066232357,0.0065597426566745805,0.8931988506768566,0.008534609296056542,0.8732493489224215,0.00973546686955957,0.9630069018632067,0.0034050974111371765
spambase,mnar,unlabeled,0.2,0.9022801302931596,0.007364093358442205,0.88970348647768,0.008819878029101402,0.870034144141577,0.010574256397840988,0.9612967406222538,0.004270172916344445
spambase,mnar,unlabeled,0.3,0.8953311617806732,0.007467426216742414,0.8786738351254482,0.009477052456388593,0.8575524768095996,0.011495671678569972,0.9563143655519022,0.004691671174005922
spambase,mnar,unlabeled,0.4,0.8058631921824105,0.028638572821281145,0.7670043543943837,0.036439213795591674,0.7010166527212471,0.05910095774558375,0.876537614660782,0.037853388815651395
spambase,mnar,unlabeled,0.5,0.7504885993485342,0.02998591067901215,0.7023401167096182,0.030055929465990373,0.6003940684844038,0.04372099744793212,0.7851940717043356,0.09130638992350125
