dataset,scheme,method,seed,missing_rate,status,accuracy,balanced_accuracy,f1,roc_auc,train_size,valid_size,test_size,n_features_before_preprocessing,n_features_after_preprocessing,observed_label_fraction_train,label_completion_method
breast_cancer,mcar,naive,42,0.1,ok,0.9649122807017544,0.9573412698412699,0.9512195121951219,0.9940476190476191,341,114,114,30,25,0.8797653958944281,
breast_cancer,mcar,naive,42,0.2,ok,0.956140350877193,0.9503968253968254,0.9397590361445783,0.9917328042328042,341,114,114,30,25,0.7771260997067448,
breast_cancer,mcar,naive,42,0.3,ok,0.9649122807017544,0.9573412698412699,0.9512195121951219,0.9930555555555556,341,114,114,30,25,0.6803519061583577,
breast_cancer,mcar,naive,42,0.4,ok,0.9649122807017544,0.9573412698412699,0.9512195121951219,0.9927248677248677,341,114,114,30,25,0.5747800586510264,
breast_cancer,mcar,naive,42,0.5,ok,0.956140350877193,0.9503968253968254,0.9397590361445783,0.9920634920634921,341,114,114,30,25,0.5161290322580645,
breast_cancer,mcar,naive,43,0.1,ok,0.9824561403508771,0.9811507936507937,0.9761904761904762,0.9814814814814815,341,114,114,30,24,0.8885630498533724,
breast_cancer,mcar,naive,43,0.2,ok,0.9824561403508771,0.9811507936507937,0.9761904761904762,0.9808201058201058,341,114,114,30,24,0.8005865102639296,
breast_cancer,mcar,naive,43,0.3,ok,0.9824561403508771,0.9811507936507937,0.9761904761904762,0.9801587301587301,341,114,114,30,24,0.718475073313783,
breast_cancer,mcar,naive,43,0.4,ok,0.9736842105263158,0.9692460317460317,0.963855421686747,0.9775132275132276,341,114,114,30,24,0.6392961876832844,
breast_cancer,mcar,naive,43,0.5,ok,0.9824561403508771,0.9811507936507937,0.9761904761904762,0.9775132275132274,341,114,114,30,24,0.5219941348973607,
breast_cancer,mcar,naive,44,0.1,ok,0.9473684210526315,0.9384920634920635,0.926829268292683,0.9904100529100529,341,114,114,30,25,0.9266862170087976,
breast_cancer,mcar,naive,44,0.2,ok,0.9473684210526315,0.933531746031746,0.925,0.9887566137566137,341,114,114,30,25,0.8005865102639296,
breast_cancer,mcar,naive,44,0.3,ok,0.9385964912280702,0.9265873015873016,0.9135802469135802,0.9894179894179895,341,114,114,30,25,0.7243401759530792,
breast_cancer,mcar,naive,44,0.4,ok,0.9473684210526315,0.933531746031746,0.925,0.9887566137566137,341,114,114,30,25,0.6070381231671554,
breast_cancer,mcar,naive,44,0.5,ok,0.9473684210526315,0.933531746031746,0.925,0.9890873015873016,341,114,114,30,25,0.4868035190615836,
breast_cancer,mcar,naive,45,0.1,ok,0.9736842105263158,0.9642857142857143,0.9629629629629629,0.9933862433862434,341,114,114,30,24,0.9090909090909091,
breast_cancer,mcar,naive,45,0.2,ok,0.9736842105263158,0.9642857142857143,0.9629629629629629,0.9937169312169312,341,114,114,30,24,0.8152492668621701,
breast_cancer,mcar,naive,45,0.3,ok,0.9824561403508771,0.9761904761904762,0.975609756097561,0.9990079365079365,341,114,114,30,24,0.7155425219941349,
breast_cancer,mcar,naive,45,0.4,ok,0.9824561403508771,0.9761904761904762,0.975609756097561,0.9993386243386243,341,114,114,30,24,0.6158357771260997,
breast_cancer,mcar,naive,45,0.5,ok,0.9824561403508771,0.9761904761904762,0.975609756097561,1.0,341,114,114,30,24,0.5073313782991202,
breast_cancer,mcar,naive,46,0.1,ok,0.9824561403508771,0.9811507936507937,0.9761904761904762,0.9910714285714286,341,114,114,30,25,0.8504398826979472,
breast_cancer,mcar,naive,46,0.2,ok,0.9824561403508771,0.9761904761904762,0.975609756097561,0.9854497354497355,341,114,114,30,25,0.7419354838709677,
breast_cancer,mcar,naive,46,0.3,ok,0.9824561403508771,0.9811507936507937,0.9761904761904762,0.9854497354497355,341,114,114,30,25,0.6480938416422287,
breast_cancer,mcar,naive,46,0.4,ok,0.9649122807017544,0.9623015873015872,0.9523809523809523,0.9884259259259259,341,114,114,30,25,0.5542521994134897,
breast_cancer,mcar,naive,46,0.5,ok,0.9649122807017544,0.9623015873015872,0.9523809523809523,0.984457671957672,341,114,114,30,25,0.4574780058651026,
breast_cancer,mcar,oracle,42,0.1,ok,0.9736842105263158,0.9692460317460317,0.963855421686747,0.9950396825396826,341,114,114,30,25,0.8797653958944281,
breast_cancer,mcar,oracle,42,0.2,ok,0.9736842105263158,0.9692460317460317,0.963855421686747,0.9950396825396826,341,114,114,30,25,0.7771260997067448,
breast_cancer,mcar,oracle,42,0.3,ok,0.9736842105263158,0.9692460317460317,0.963855421686747,0.9950396825396826,341,114,114,30,25,0.6803519061583577,
breast_cancer,mcar,oracle,42,0.4,ok,0.9736842105263158,0.9692460317460317,0.963855421686747,0.9950396825396826,341,114,114,30,25,0.5747800586510264,
breast_cancer,mcar,oracle,42,0.5,ok,0.9736842105263158,0.9692460317460317,0.963855421686747,0.9950396825396826,341,114,114,30,25,0.5161290322580645,
breast_cancer,mcar,oracle,43,0.1,ok,0.9912280701754386,0.9880952380952381,0.9879518072289156,0.9841269841269841,341,114,114,30,24,0.8885630498533724,
breast_cancer,mcar,oracle,43,0.2,ok,0.9912280701754386,0.9880952380952381,0.9879518072289156,0.9841269841269841,341,114,114,30,24,0.8005865102639296,
breast_cancer,mcar,oracle,43,0.3,ok,0.9912280701754386,0.9880952380952381,0.9879518072289156,0.9841269841269841,341,114,114,30,24,0.718475073313783,
breast_cancer,mcar,oracle,43,0.4,ok,0.9912280701754386,0.9880952380952381,0.9879518072289156,0.9841269841269841,341,114,114,30,24,0.6392961876832844,
breast_cancer,mcar,oracle,43,0.5,ok,0.9912280701754386,0.9880952380952381,0.9879518072289156,0.9841269841269841,341,114,114,30,24,0.5219941348973607,
breast_cancer,mcar,oracle,44,0.1,ok,0.9473684210526315,0.9384920634920635,0.926829268292683,0.9917328042328042,341,114,114,30,25,0.9266862170087976,
breast_cancer,mcar,oracle,44,0.2,ok,0.9473684210526315,0.9384920634920635,0.926829268292683,0.9917328042328042,341,114,114,30,25,0.8005865102639296,
breast_cancer,mcar,oracle,44,0.3,ok,0.9473684210526315,0.9384920634920635,0.926829268292683,0.9917328042328042,341,114,114,30,25,0.7243401759530792,
breast_cancer,mcar,oracle,44,0.4,ok,0.9473684210526315,0.9384920634920635,0.926829268292683,0.9917328042328042,341,114,114,30,25,0.6070381231671554,
breast_cancer,mcar,oracle,44,0.5,ok,0.9473684210526315,0.9384920634920635,0.926829268292683,0.9917328042328042,341,114,114,30,25,0.4868035190615836,
breast_cancer,mcar,oracle,45,0.1,ok,0.9736842105263158,0.9642857142857143,0.9629629629629629,0.9953703703703705,341,114,114,30,24,0.9090909090909091,
breast_cancer,mcar,oracle,45,0.2,ok,0.9736842105263158,0.9642857142857143,0.9629629629629629,0.9953703703703705,341,114,114,30,24,0.8152492668621701,
breast_cancer,mcar,oracle,45,0.3,ok,0.9736842105263158,0.9642857142857143,0.9629629629629629,0.9953703703703705,341,114,114,30,24,0.7155425219941349,
breast_cancer,mcar,oracle,45,0.4,ok,0.9736842105263158,0.9642857142857143,0.9629629629629629,0.9953703703703705,341,114,114,30,24,0.6158357771260997,
breast_cancer,mcar,oracle,45,0.5,ok,0.9736842105263158,0.9642857142857143,0.9629629629629629,0.9953703703703705,341,114,114,30,24,0.5073313782991202,
breast_cancer,mcar,oracle,46,0.1,ok,0.9824561403508771,0.9811507936507937,0.9761904761904762,0.9930555555555555,341,114,114,30,25,0.8504398826979472,
breast_cancer,mcar,oracle,46,0.2,ok,0.9824561403508771,0.9811507936507937,0.9761904761904762,0.9930555555555555,341,114,114,30,25,0.7419354838709677,
breast_cancer,mcar,oracle,46,0.3,ok,0.9824561403508771,0.9811507936507937,0.9761904761904762,0.9930555555555555,341,114,114,30,25,0.6480938416422287,
breast_cancer,mcar,oracle,46,0.4,ok,0.9824561403508771,0.9811507936507937,0.9761904761904762,0.9930555555555555,341,114,114,30,25,0.5542521994134897,
breast_cancer,mcar,oracle,46,0.5,ok,0.9824561403508771,0.9811507936507937,0.9761904761904762,0.9930555555555555,341,114,114,30,25,0.4574780058651026,
breast_cancer,mcar,unlabeled,42,0.1,ok,0.9649122807017544,0.9623015873015872,0.9523809523809523,0.9933862433862434,341,114,114,30,25,0.8797653958944281,logistic
breast_cancer,mcar,unlabeled,42,0.2,ok,0.9473684210526315,0.9434523809523809,0.9285714285714286,0.9930555555555556,341,114,114,30,25,0.7771260997067448,logistic
breast_cancer,mcar,unlabeled,42,0.3,ok,0.9473684210526315,0.9434523809523809,0.9285714285714286,0.9937169312169313,341,114,114,30,25,0.6803519061583577,logistic
breast_cancer,mcar,unlabeled,42,0.4,ok,0.9473684210526315,0.9434523809523809,0.9285714285714286,0.9937169312169313,341,114,114,30,25,0.5747800586510264,logistic
breast_cancer,mcar,unlabeled,42,0.5,ok,0.9649122807017544,0.9623015873015872,0.9523809523809523,0.9957010582010581,341,114,114,30,25,0.5161290322580645,logistic
breast_cancer,mcar,unlabeled,43,0.1,ok,0.9649122807017544,0.9672619047619048,0.9534883720930233,0.984457671957672,341,114,114,30,24,0.8885630498533724,logistic
breast_cancer,mcar,unlabeled,43,0.2,ok,0.9649122807017544,0.9672619047619048,0.9534883720930233,0.984457671957672,341,114,114,30,24,0.8005865102639296,logistic
breast_cancer,mcar,unlabeled,43,0.3,ok,0.9649122807017544,0.9672619047619048,0.9534883720930233,0.984457671957672,341,114,114,30,24,0.718475073313783,logistic
breast_cancer,mcar,unlabeled,43,0.4,ok,0.9649122807017544,0.9623015873015872,0.9523809523809523,0.976521164021164,341,114,114,30,24,0.6392961876832844,logistic
breast_cancer,mcar,unlabeled,43,0.5,ok,0.9649122807017544,0.9672619047619048,0.9534883720930233,0.9841269841269842,341,114,114,30,24,0.5219941348973607,logistic
breast_cancer,mcar,unlabeled,44,0.1,ok,0.9473684210526315,0.933531746031746,0.925,0.9923941798941798,341,114,114,30,25,0.9266862170087976,logistic
breast_cancer,mcar,unlabeled,44,0.2,ok,0.9473684210526315,0.9384920634920635,0.926829268292683,0.9857804232804233,341,114,114,30,25,0.8005865102639296,logistic
breast_cancer,mcar,unlabeled,44,0.3,ok,0.9385964912280702,0.9265873015873016,0.9135802469135802,0.9904100529100529,341,114,114,30,25,0.7243401759530792,logistic
breast_cancer,mcar,unlabeled,44,0.4,ok,0.9298245614035088,0.9196428571428572,0.9024390243902439,0.9890873015873016,341,114,114,30,25,0.6070381231671554,logistic
breast_cancer,mcar,unlabeled,44,0.5,ok,0.9473684210526315,0.933531746031746,0.925,0.9904100529100529,341,114,114,30,25,0.4868035190615836,logistic
breast_cancer,mcar,unlabeled,45,0.1,ok,0.9736842105263158,0.9642857142857143,0.9629629629629629,0.9914021164021163,341,114,114,30,24,0.9090909090909091,logistic
breast_cancer,mcar,unlabeled,45,0.2,ok,0.9736842105263158,0.9642857142857143,0.9629629629629629,0.9914021164021163,341,114,114,30,24,0.8152492668621701,logistic
breast_cancer,mcar,unlabeled,45,0.3,ok,0.9824561403508771,0.9761904761904762,0.975609756097561,1.0,341,114,114,30,24,0.7155425219941349,logistic
breast_cancer,mcar,unlabeled,45,0.4,ok,0.9912280701754386,0.9880952380952381,0.9879518072289156,0.9996693121693122,341,114,114,30,24,0.6158357771260997,logistic
breast_cancer,mcar,unlabeled,45,0.5,ok,0.9736842105263158,0.9692460317460317,0.963855421686747,0.9993386243386244,341,114,114,30,24,0.5073313782991202,logistic
breast_cancer,mcar,unlabeled,46,0.1,ok,0.9912280701754386,0.9880952380952381,0.9879518072289156,0.9940476190476191,341,114,114,30,25,0.8504398826979472,logistic
breast_cancer,mcar,unlabeled,46,0.2,ok,0.9736842105263158,0.9642857142857143,0.9629629629629629,0.9847883597883598,341,114,114,30,25,0.7419354838709677,logistic
breast_cancer,mcar,unlabeled,46,0.3,ok,0.9736842105263158,0.9742063492063492,0.9647058823529412,0.9983465608465609,341,114,114,30,25,0.6480938416422287,logistic
breast_cancer,mcar,unlabeled,46,0.4,ok,0.9824561403508771,0.9761904761904762,0.975609756097561,0.9834656084656084,341,114,114,30,25,0.5542521994134897,logistic
breast_cancer,mcar,unlabeled,46,0.5,ok,0.9824561403508771,0.9761904761904762,0.975609756097561,0.9821428571428571,341,114,114,30,25,0.4574780058651026,logistic
breast_cancer,mar1,naive,42,0.3,ok,0.9649122807017544,0.9573412698412699,0.9512195121951219,0.9930555555555556,341,114,114,30,25,0.6774193548387096,
breast_cancer,mar1,naive,43,0.3,ok,0.9824561403508771,0.9761904761904762,0.975609756097561,0.9771825396825398,341,114,114,30,24,0.7038123167155426,
breast_cancer,mar1,naive,44,0.3,ok,0.9473684210526315,0.933531746031746,0.925,0.9880952380952381,341,114,114,30,25,0.7096774193548387,
breast_cancer,mar1,naive,45,0.3,ok,0.9736842105263158,0.9642857142857143,0.9629629629629629,0.9940476190476191,341,114,114,30,24,0.7096774193548387,
breast_cancer,mar1,naive,46,0.3,ok,0.9912280701754386,0.9880952380952381,0.9879518072289156,0.9847883597883598,341,114,114,30,25,0.6363636363636364,
breast_cancer,mar1,oracle,42,0.3,ok,0.9736842105263158,0.9692460317460317,0.963855421686747,0.9950396825396826,341,114,114,30,25,0.6774193548387096,
breast_cancer,mar1,oracle,43,0.3,ok,0.9912280701754386,0.9880952380952381,0.9879518072289156,0.9841269841269841,341,114,114,30,24,0.7038123167155426,
breast_cancer,mar1,oracle,44,0.3,ok,0.9473684210526315,0.9384920634920635,0.926829268292683,0.9917328042328042,341,114,114,30,25,0.7096774193548387,
breast_cancer,mar1,oracle,45,0.3,ok,0.9736842105263158,0.9642857142857143,0.9629629629629629,0.9953703703703705,341,114,114,30,24,0.7096774193548387,
breast_cancer,mar1,oracle,46,0.3,ok,0.9824561403508771,0.9811507936507937,0.9761904761904762,0.9930555555555555,341,114,114,30,25,0.6363636363636364,
breast_cancer,mar1,unlabeled,42,0.3,ok,0.9473684210526315,0.9434523809523809,0.9285714285714286,0.9937169312169313,341,114,114,30,25,0.6774193548387096,logistic
breast_cancer,mar1,unlabeled,43,0.3,ok,0.9385964912280702,0.9365079365079365,0.9176470588235294,0.9742063492063491,341,114,114,30,24,0.7038123167155426,logistic
breast_cancer,mar1,unlabeled,44,0.3,ok,0.9473684210526315,0.933531746031746,0.925,0.9861111111111112,341,114,114,30,25,0.7096774193548387,logistic
breast_cancer,mar1,unlabeled,45,0.3,ok,0.9736842105263158,0.9642857142857143,0.9629629629629629,0.9957010582010581,341,114,114,30,24,0.7096774193548387,logistic
breast_cancer,mar1,unlabeled,46,0.3,ok,0.9736842105263158,0.9742063492063492,0.9647058823529412,0.9983465608465609,341,114,114,30,25,0.6363636363636364,logistic
breast_cancer,mar2,naive,42,0.3,ok,0.9649122807017544,0.9573412698412699,0.9512195121951219,0.9957010582010581,341,114,114,30,25,0.6920821114369502,
breast_cancer,mar2,naive,43,0.3,ok,0.9824561403508771,0.9811507936507937,0.9761904761904762,0.980489417989418,341,114,114,30,24,0.6920821114369502,
breast_cancer,mar2,naive,44,0.3,ok,0.956140350877193,0.9454365079365079,0.9382716049382716,0.992063492063492,341,114,114,30,25,0.7067448680351907,
breast_cancer,mar2,naive,45,0.3,ok,0.9736842105263158,0.9642857142857143,0.9629629629629629,0.9933862433862434,341,114,114,30,24,0.718475073313783,
breast_cancer,mar2,naive,46,0.3,ok,0.956140350877193,0.9404761904761905,0.9367088607594937,0.9821428571428571,341,114,114,30,25,0.6686217008797654,
breast_cancer,mar2,oracle,42,0.3,ok,0.9736842105263158,0.9692460317460317,0.963855421686747,0.9950396825396826,341,114,114,30,25,0.6920821114369502,
breast_cancer,mar2,oracle,43,0.3,ok,0.9912280701754386,0.9880952380952381,0.9879518072289156,0.9841269841269841,341,114,114,30,24,0.6920821114369502,
breast_cancer,mar2,oracle,44,0.3,ok,0.9473684210526315,0.9384920634920635,0.926829268292683,0.9917328042328042,341,114,114,30,25,0.7067448680351907,
breast_cancer,mar2,oracle,45,0.3,ok,0.9736842105263158,0.9642857142857143,0.9629629629629629,0.9953703703703705,341,114,114,30,24,0.718475073313783,
breast_cancer,mar2,oracle,46,0.3,ok,0.9824561403508771,0.9811507936507937,0.9761904761904762,0.9930555555555555,341,114,114,30,25,0.6686217008797654,
breast_cancer,mar2,unlabeled,42,0.3,ok,0.9649122807017544,0.9623015873015872,0.9523809523809523,0.9960317460317459,341,114,114,30,25,0.6920821114369502,logistic
breast_cancer,mar2,unlabeled,43,0.3,ok,0.9649122807017544,0.9672619047619048,0.9534883720930233,0.9917328042328042,341,114,114,30,24,0.6920821114369502,logistic
breast_cancer,mar2,unlabeled,44,0.3,ok,0.9473684210526315,0.933531746031746,0.925,0.9923941798941798,341,114,114,30,25,0.7067448680351907,logistic
breast_cancer,mar2,unlabeled,45,0.3,ok,0.9736842105263158,0.9642857142857143,0.9629629629629629,0.9851190476190476,341,114,114,30,24,0.718475073313783,logistic
breast_cancer,mar2,unlabeled,46,0.3,ok,0.9736842105263158,0.9692460317460317,0.963855421686747,0.998015873015873,341,114,114,30,25,0.6686217008797654,logistic
breast_cancer,mnar,naive,42,0.3,ok,0.9298245614035088,0.9047619047619048,0.8947368421052632,0.996031746031746,341,114,114,30,25,0.6920821114369502,
breast_cancer,mnar,naive,43,0.3,ok,0.9649122807017544,0.9523809523809523,0.95,0.9761904761904762,341,114,114,30,24,0.7478005865102639,
breast_cancer,mnar,naive,44,0.3,ok,0.9298245614035088,0.9047619047619048,0.8947368421052632,0.9834656084656085,341,114,114,30,25,0.7067448680351907,
breast_cancer,mnar,naive,45,0.3,ok,0.9736842105263158,0.9642857142857143,0.9629629629629629,0.9990079365079365,341,114,114,30,24,0.7067448680351907,
breast_cancer,mnar,naive,46,0.3,ok,0.9649122807017544,0.9523809523809523,0.95,0.9761904761904762,341,114,114,30,25,0.6774193548387096,
breast_cancer,mnar,oracle,42,0.3,ok,0.9736842105263158,0.9692460317460317,0.963855421686747,0.9950396825396826,341,114,114,30,25,0.6920821114369502,
breast_cancer,mnar,oracle,43,0.3,ok,0.9912280701754386,0.9880952380952381,0.9879518072289156,0.9841269841269841,341,114,114,30,24,0.7478005865102639,
breast_cancer,mnar,oracle,44,0.3,ok,0.9473684210526315,0.9384920634920635,0.926829268292683,0.9917328042328042,341,114,114,30,25,0.7067448680351907,
breast_cancer,mnar,oracle,45,0.3,ok,0.9736842105263158,0.9642857142857143,0.9629629629629629,0.9953703703703705,341,114,114,30,24,0.7067448680351907,
breast_cancer,mnar,oracle,46,0.3,ok,0.9824561403508771,0.9811507936507937,0.9761904761904762,0.9930555555555555,341,114,114,30,25,0.6774193548387096,
breast_cancer,mnar,unlabeled,42,0.3,ok,0.9736842105263158,0.9642857142857143,0.9629629629629629,0.9990079365079365,341,114,114,30,25,0.6920821114369502,logistic
breast_cancer,mnar,unlabeled,43,0.3,ok,0.9649122807017544,0.9573412698412699,0.9512195121951219,0.974537037037037,341,114,114,30,24,0.7478005865102639,logistic
breast_cancer,mnar,unlabeled,44,0.3,ok,0.9298245614035088,0.9146825396825397,0.9,0.9801587301587301,341,114,114,30,25,0.7067448680351907,logistic
breast_cancer,mnar,unlabeled,45,0.3,ok,0.9824561403508771,0.9761904761904762,0.975609756097561,1.0,341,114,114,30,24,0.7067448680351907,logistic
breast_cancer,mnar,unlabeled,46,0.3,ok,0.9736842105263158,0.9692460317460317,0.963855421686747,0.996031746031746,341,114,114,30,25,0.6774193548387096,logistic
ionosphere,mcar,naive,42,0.1,ok,0.9154929577464789,0.8982608695652174,0.9361702127659575,0.9434782608695653,210,70,71,34,34,0.8809523809523809,
ionosphere,mcar,naive,42,0.2,ok,0.8873239436619719,0.8582608695652174,0.9166666666666666,0.9182608695652174,210,70,71,34,34,0.7523809523809524,
ionosphere,mcar,naive,42,0.3,ok,0.8732394366197183,0.8291304347826087,0.9090909090909091,0.8069565217391304,210,70,71,34,34,0.6571428571428571,
ionosphere,mcar,naive,42,0.4,ok,0.8591549295774648,0.8182608695652174,0.8979591836734694,0.8269565217391304,210,70,71,34,34,0.5428571428571428,
ionosphere,mcar,naive,42,0.5,ok,0.8732394366197183,0.8291304347826087,0.9090909090909091,0.8608695652173912,210,70,71,34,34,0.4857142857142857,
ionosphere,mcar,naive,43,0.1,ok,0.8873239436619719,0.8491304347826087,0.9183673469387755,0.8617391304347826,210,70,71,34,34,0.9,
ionosphere,mcar,naive,43,0.2,ok,0.8591549295774648,0.8182608695652174,0.8979591836734694,0.8704347826086956,210,70,71,34,34,0.8095238095238095,
ionosphere,mcar,naive,43,0.3,ok,0.8732394366197183,0.8382608695652174,0.9072164948453608,0.8739130434782609,210,70,71,34,34,0.719047619047619,
ionosphere,mcar,naive,43,0.4,ok,0.8732394366197183,0.8382608695652174,0.9072164948453608,0.8547826086956521,210,70,71,34,34,0.6333333333333333,
ionosphere,mcar,naive,43,0.5,ok,0.8732394366197183,0.8291304347826087,0.9090909090909091,0.8504347826086958,210,70,71,34,34,0.5190476190476191,
ionosphere,mcar,naive,44,0.1,ok,0.8591549295774648,0.8091304347826087,0.9,0.9556521739130435,210,70,71,34,34,0.9095238095238095,
ionosphere,mcar,naive,44,0.2,ok,0.8873239436619719,0.8400000000000001,0.92,0.968695652173913,210,70,71,34,34,0.7952380952380952,
ionosphere,mcar,naive,44,0.3,ok,0.9014084507042254,0.8691304347826088,0.9278350515463918,0.9669565217391305,210,70,71,34,34,0.719047619047619,
ionosphere,mcar,naive,44,0.4,ok,0.8309859154929577,0.76,0.8846153846153846,0.9686956521739131,210,70,71,34,34,0.6142857142857143,
ionosphere,mcar,naive,44,0.5,ok,0.8732394366197183,0.8200000000000001,0.9108910891089109,0.9756521739130435,210,70,71,34,34,0.4857142857142857,
ionosphere,mcar,naive,45,0.1,ok,0.8591549295774648,0.8182608695652174,0.8979591836734694,0.908695652173913,210,70,71,34,34,0.9095238095238095,
ionosphere,mcar,naive,45,0.2,ok,0.8732394366197183,0.8382608695652174,0.9072164948453608,0.871304347826087,210,70,71,34,34,0.7952380952380952,
ionosphere,mcar,naive,45,0.3,ok,0.8450704225352113,0.7982608695652174,0.8888888888888888,0.8608695652173913,210,70,71,34,34,0.7,
ionosphere,mcar,naive,45,0.4,ok,0.8591549295774648,0.8182608695652174,0.8979591836734694,0.8765217391304349,210,70,71,34,34,0.6095238095238096,
ionosphere,mcar,naive,45,0.5,ok,0.8591549295774648,0.8182608695652174,0.8979591836734694,0.8495652173913044,210,70,71,34,34,0.48095238095238096,
ionosphere,mcar,naive,46,0.1,ok,0.9154929577464789,0.8891304347826088,0.9375,0.891304347826087,210,70,71,34,34,0.8428571428571429,
ionosphere,mcar,naive,46,0.2,ok,0.9014084507042254,0.86,0.9292929292929293,0.8947826086956523,210,70,71,34,34,0.7380952380952381,
ionosphere,mcar,naive,46,0.3,ok,0.8591549295774648,0.8,0.9019607843137255,0.8626086956521739,210,70,71,34,34,0.6523809523809524,
ionosphere,mcar,naive,46,0.4,ok,0.8309859154929577,0.7691304347826087,0.8823529411764706,0.8904347826086957,210,70,71,34,34,0.5428571428571428,
ionosphere,mcar,naive,46,0.5,ok,0.8591549295774648,0.8091304347826087,0.9,0.8843478260869566,210,70,71,34,34,0.44761904761904764,
ionosphere,mcar,oracle,42,0.1,ok,0.9014084507042254,0.8782608695652174,0.9263157894736842,0.9234782608695652,210,70,71,34,34,0.8809523809523809,
ionosphere,mcar,oracle,42,0.2,ok,0.9014084507042254,0.8782608695652174,0.9263157894736842,0.9234782608695652,210,70,71,34,34,0.7523809523809524,
ionosphere,mcar,oracle,42,0.3,ok,0.9014084507042254,0.8782608695652174,0.9263157894736842,0.9234782608695652,210,70,71,34,34,0.6571428571428571,
ionosphere,mcar,oracle,42,0.4,ok,0.9014084507042254,0.8782608695652174,0.9263157894736842,0.9234782608695652,210,70,71,34,34,0.5428571428571428,
ionosphere,mcar,oracle,42,0.5,ok,0.9014084507042254,0.8782608695652174,0.9263157894736842,0.9234782608695652,210,70,71,34,34,0.4857142857142857,
ionosphere,mcar,oracle,43,0.1,ok,0.9014084507042254,0.86,0.9292929292929293,0.8608695652173913,210,70,71,34,34,0.9,
ionosphere,mcar,oracle,43,0.2,ok,0.9014084507042254,0.86,0.9292929292929293,0.8608695652173913,210,70,71,34,34,0.8095238095238095,
ionosphere,mcar,oracle,43,0.3,ok,0.9014084507042254,0.86,0.9292929292929293,0.8608695652173913,210,70,71,34,34,0.719047619047619,
ionosphere,mcar,oracle,43,0.4,ok,0.9014084507042254,0.86,0.9292929292929293,0.8608695652173913,210,70,71,34,34,0.6333333333333333,
ionosphere,mcar,oracle,43,0.5,ok,0.9014084507042254,0.86,0.9292929292929293,0.8608695652173913,210,70,71,34,34,0.5190476190476191,
ionosphere,mcar,oracle,44,0.1,ok,0.8591549295774648,0.8091304347826087,0.9,0.951304347826087,210,70,71,34,34,0.9095238095238095,
ionosphere,mcar,oracle,44,0.2,ok,0.8591549295774648,0.8091304347826087,0.9,0.951304347826087,210,70,71,34,34,0.7952380952380952,
ionosphere,mcar,oracle,44,0.3,ok,0.8591549295774648,0.8091304347826087,0.9,0.951304347826087,210,70,71,34,34,0.719047619047619,
ionosphere,mcar,oracle,44,0.4,ok,0.8591549295774648,0.8091304347826087,0.9,0.951304347826087,210,70,71,34,34,0.6142857142857143,
ionosphere,mcar,oracle,44,0.5,ok,0.8591549295774648,0.8091304347826087,0.9,0.951304347826087,210,70,71,34,34,0.4857142857142857,
ionosphere,mcar,oracle,45,0.1,ok,0.8732394366197183,0.8382608695652174,0.9072164948453608,0.9147826086956522,210,70,71,34,34,0.9095238095238095,
ionosphere,mcar,oracle,45,0.2,ok,0.8732394366197183,0.8382608695652174,0.9072164948453608,0.9147826086956522,210,70,71,34,34,0.7952380952380952,
ionosphere,mcar,oracle,45,0.3,ok,0.8732394366197183,0.8382608695652174,0.9072164948453608,0.9147826086956522,210,70,71,34,34,0.7,
ionosphere,mcar,oracle,45,0.4,ok,0.8732394366197183,0.8382608695652174,0.9072164948453608,0.9147826086956522,210,70,71,34,34,0.6095238095238096,
ionosphere,mcar,oracle,45,0.5,ok,0.8732394366197183,0.8382608695652174,0.9072164948453608,0.9147826086956522,210,70,71,34,34,0.48095238095238096,
ionosphere,mcar,oracle,46,0.1,ok,0.9014084507042254,0.8691304347826088,0.9278350515463918,0.8886956521739131,210,70,71,34,34,0.8428571428571429,
ionosphere,mcar,oracle,46,0.2,ok,0.9014084507042254,0.8691304347826088,0.9278350515463918,0.8886956521739131,210,70,71,34,34,0.7380952380952381,
ionosphere,mcar,oracle,46,0.3,ok,0.9014084507042254,0.8691304347826088,0.9278350515463918,0.8886956521739131,210,70,71,34,34,0.6523809523809524,
ionosphere,mcar,oracle,46,0.4,ok,0.9014084507042254,0.8691304347826088,0.9278350515463918,0.8886956521739131,210,70,71,34,34,0.5428571428571428,
ionosphere,mcar,oracle,46,0.5,ok,0.9014084507042254,0.8691304347826088,0.9278350515463918,0.8886956521739131,210,70,71,34,34,0.44761904761904764,
ionosphere,mcar,unlabeled,42,0.1,ok,0.8732394366197183,0.8382608695652174,0.9072164948453608,0.8556521739130435,210,70,71,34,34,0.8809523809523809,logistic
ionosphere,mcar,unlabeled,42,0.2,ok,0.8732394366197183,0.8291304347826087,0.9090909090909091,0.8521739130434783,210,70,71,34,34,0.7523809523809524,logistic
ionosphere,mcar,unlabeled,42,0.3,ok,0.8732394366197183,0.8200000000000001,0.9108910891089109,0.7591304347826087,210,70,71,34,34,0.6571428571428571,logistic
ionosphere,mcar,unlabeled,42,0.4,ok,0.8450704225352113,0.8073913043478261,0.8865979381443299,0.7730434782608696,210,70,71,34,34,0.5428571428571428,logistic
ionosphere,mcar,unlabeled,42,0.5,ok,0.8873239436619719,0.8491304347826087,0.9183673469387755,0.8565217391304347,210,70,71,34,34,0.4857142857142857,logistic
ionosphere,mcar,unlabeled,43,0.1,ok,0.8732394366197183,0.8291304347826087,0.9090909090909091,0.8773913043478261,210,70,71,34,34,0.9,logistic
ionosphere,mcar,unlabeled,43,0.2,ok,0.8450704225352113,0.7891304347826087,0.8910891089108911,0.8547826086956521,210,70,71,34,34,0.8095238095238095,logistic
ionosphere,mcar,unlabeled,43,0.3,ok,0.8732394366197183,0.8382608695652174,0.9072164948453608,0.8895652173913043,210,70,71,34,34,0.719047619047619,logistic
ionosphere,mcar,unlabeled,43,0.4,ok,0.8450704225352113,0.8073913043478261,0.8865979381443299,0.7773913043478261,210,70,71,34,34,0.6333333333333333,logistic
ionosphere,mcar,unlabeled,43,0.5,ok,0.8450704225352113,0.7982608695652174,0.8888888888888888,0.8247826086956522,210,70,71,34,34,0.5190476190476191,logistic
ionosphere,mcar,unlabeled,44,0.1,ok,0.9014084507042254,0.8691304347826088,0.9278350515463918,0.9382608695652174,210,70,71,34,34,0.9095238095238095,logistic
ionosphere,mcar,unlabeled,44,0.2,ok,0.8591549295774648,0.8182608695652174,0.8979591836734694,0.9286956521739129,210,70,71,34,34,0.7952380952380952,logistic
ionosphere,mcar,unlabeled,44,0.3,ok,0.8732394366197183,0.8382608695652174,0.9072164948453608,0.9373913043478261,210,70,71,34,34,0.719047619047619,logistic
ionosphere,mcar,unlabeled,44,0.4,ok,0.8591549295774648,0.8,0.9019607843137255,0.8965217391304348,210,70,71,34,34,0.6142857142857143,logistic
ionosphere,mcar,unlabeled,44,0.5,ok,0.8873239436619719,0.8400000000000001,0.92,0.9608695652173913,210,70,71,34,34,0.4857142857142857,logistic
ionosphere,mcar,unlabeled,45,0.1,ok,0.8591549295774648,0.8182608695652174,0.8979591836734694,0.8878260869565217,210,70,71,34,34,0.9095238095238095,logistic
ionosphere,mcar,unlabeled,45,0.2,ok,0.8873239436619719,0.8491304347826087,0.9183673469387755,0.8713043478260869,210,70,71,34,34,0.7952380952380952,logistic
ionosphere,mcar,unlabeled,45,0.3,ok,0.8732394366197183,0.8382608695652174,0.9072164948453608,0.8313043478260869,210,70,71,34,34,0.7,logistic
ionosphere,mcar,unlabeled,45,0.4,ok,0.8873239436619719,0.8491304347826087,0.9183673469387755,0.8208695652173913,210,70,71,34,34,0.6095238095238096,logistic
ionosphere,mcar,unlabeled,45,0.5,ok,0.8732394366197183,0.8382608695652174,0.9072164948453608,0.8269565217391305,210,70,71,34,34,0.48095238095238096,logistic
ionosphere,mcar,unlabeled,46,0.1,ok,0.9436619718309859,0.9199999999999999,0.9583333333333334,0.8921739130434783,210,70,71,34,34,0.8428571428571429,logistic
ionosphere,mcar,unlabeled,46,0.2,ok,0.9154929577464789,0.8891304347826088,0.9375,0.9243478260869565,210,70,71,34,34,0.7380952380952381,logistic
ionosphere,mcar,unlabeled,46,0.3,ok,0.9154929577464789,0.8982608695652174,0.9361702127659575,0.88,210,70,71,34,34,0.6523809523809524,logistic
ionosphere,mcar,unlabeled,46,0.4,ok,0.8873239436619719,0.8765217391304347,0.9130434782608695,0.8982608695652174,210,70,71,34,34,0.5428571428571428,logistic
ionosphere,mcar,unlabeled,46,0.5,ok,0.8309859154929577,0.8056521739130434,0.8723404255319149,0.8191304347826087,210,70,71,34,34,0.44761904761904764,logistic
ionosphere,mar1,naive,42,0.3,ok,0.8591549295774648,0.8182608695652174,0.8979591836734694,0.8295652173913044,210,70,71,34,34,0.6476190476190476,
ionosphere,mar1,naive,43,0.3,ok,0.8873239436619719,0.8491304347826087,0.9183673469387755,0.8713043478260869,210,70,71,34,34,0.7095238095238096,
ionosphere,mar1,naive,44,0.3,ok,0.9154929577464789,0.88,0.9387755102040817,0.9695652173913043,210,70,71,34,34,0.7,
ionosphere,mar1,naive,45,0.3,ok,0.8450704225352113,0.7982608695652174,0.8888888888888888,0.8791304347826087,210,70,71,34,34,0.6714285714285714,
ionosphere,mar1,naive,46,0.3,ok,0.8591549295774648,0.8091304347826087,0.9,0.9,210,70,71,34,34,0.6190476190476191,
ionosphere,mar1,oracle,42,0.3,ok,0.9014084507042254,0.8782608695652174,0.9263157894736842,0.9234782608695652,210,70,71,34,34,0.6476190476190476,
ionosphere,mar1,oracle,43,0.3,ok,0.9014084507042254,0.86,0.9292929292929293,0.8608695652173913,210,70,71,34,34,0.7095238095238096,
ionosphere,mar1,oracle,44,0.3,ok,0.8591549295774648,0.8091304347826087,0.9,0.951304347826087,210,70,71,34,34,0.7,
ionosphere,mar1,oracle,45,0.3,ok,0.8732394366197183,0.8382608695652174,0.9072164948453608,0.9147826086956522,210,70,71,34,34,0.6714285714285714,
ionosphere,mar1,oracle,46,0.3,ok,0.9014084507042254,0.8691304347826088,0.9278350515463918,0.8886956521739131,210,70,71,34,34,0.6190476190476191,
ionosphere,mar1,unlabeled,42,0.3,ok,0.8450704225352113,0.8073913043478261,0.8865979381443299,0.7956521739130435,210,70,71,34,34,0.6476190476190476,logistic
ionosphere,mar1,unlabeled,43,0.3,ok,0.8732394366197183,0.8382608695652174,0.9072164948453608,0.8895652173913043,210,70,71,34,34,0.7095238095238096,logistic
ionosphere,mar1,unlabeled,44,0.3,ok,0.8591549295774648,0.8182608695652174,0.8979591836734694,0.9286956521739129,210,70,71,34,34,0.7,logistic
ionosphere,mar1,unlabeled,45,0.3,ok,0.8873239436619719,0.8491304347826087,0.9183673469387755,0.8208695652173913,210,70,71,34,34,0.6714285714285714,logistic
ionosphere,mar1,unlabeled,46,0.3,ok,0.9014084507042254,0.8691304347826088,0.9278350515463918,0.9173913043478261,210,70,71,34,34,0.6190476190476191,logistic
ionosphere,mar2,naive,42,0.3,ok,0.8873239436619719,0.8491304347826087,0.9183673469387755,0.8939130434782608,210,70,71,34,34,0.6761904761904762,
ionosphere,mar2,naive,43,0.3,ok,0.8591549295774648,0.827391304347826,0.8958333333333334,0.8721739130434782,210,70,71,34,34,0.719047619047619,
ionosphere,mar2,naive,44,0.3,ok,0.8873239436619719,0.8491304347826087,0.9183673469387755,0.9234782608695652,210,70,71,34,34,0.7333333333333333,
ionosphere,mar2,naive,45,0.3,ok,0.8450704225352113,0.7982608695652174,0.8888888888888888,0.9165217391304348,210,70,71,34,34,0.7142857142857143,
ionosphere,mar2,naive,46,0.3,ok,0.8591549295774648,0.8091304347826087,0.9,0.9026086956521739,210,70,71,34,34,0.680952380952381,
ionosphere,mar2,oracle,42,0.3,ok,0.9014084507042254,0.8782608695652174,0.9263157894736842,0.9234782608695652,210,70,71,34,34,0.6761904761904762,
ionosphere,mar2,oracle,43,0.3,ok,0.9014084507042254,0.86,0.9292929292929293,0.8608695652173913,210,70,71,34,34,0.719047619047619,
ionosphere,mar2,oracle,44,0.3,ok,0.8591549295774648,0.8091304347826087,0.9,0.951304347826087,210,70,71,34,34,0.7333333333333333,
ionosphere,mar2,oracle,45,0.3,ok,0.8732394366197183,0.8382608695652174,0.9072164948453608,0.9147826086956522,210,70,71,34,34,0.7142857142857143,
ionosphere,mar2,oracle,46,0.3,ok,0.9014084507042254,0.8691304347826088,0.9278350515463918,0.8886956521739131,210,70,71,34,34,0.680952380952381,
ionosphere,mar2,unlabeled,42,0.3,ok,0.9295774647887324,0.9,0.9484536082474226,0.8643478260869566,210,70,71,34,34,0.6761904761904762,logistic
ionosphere,mar2,unlabeled,43,0.3,ok,0.8591549295774648,0.8365217391304347,0.8936170212765957,0.8226086956521739,210,70,71,34,34,0.719047619047619,logistic
ionosphere,mar2,unlabeled,44,0.3,ok,0.8732394366197183,0.8382608695652174,0.9072164948453608,0.8843478260869564,210,70,71,34,34,0.7333333333333333,logistic
ionosphere,mar2,unlabeled,45,0.3,ok,0.8732394366197183,0.8473913043478261,0.9052631578947369,0.8504347826086956,210,70,71,34,34,0.7142857142857143,logistic
ionosphere,mar2,unlabeled,46,0.3,ok,0.9014084507042254,0.8873913043478261,0.9247311827956989,0.8913043478260869,210,70,71,34,34,0.680952380952381,logistic
ionosphere,mnar,naive,42,0.3,ok,0.8591549295774648,0.8365217391304347,0.8936170212765957,0.9104347826086956,210,70,71,34,34,0.6666666666666666,
ionosphere,mnar,naive,43,0.3,ok,0.8732394366197183,0.8382608695652174,0.9072164948453608,0.8739130434782609,210,70,71,34,34,0.7095238095238096,
ionosphere,mnar,naive,44,0.3,ok,0.9154929577464789,0.8891304347826088,0.9375,0.9739130434782609,210,70,71,34,34,0.6952380952380952,
ionosphere,mnar,naive,45,0.3,ok,0.8873239436619719,0.8582608695652174,0.9166666666666666,0.8982608695652174,210,70,71,34,34,0.6666666666666666,
ionosphere,mnar,naive,46,0.3,ok,0.9014084507042254,0.8782608695652174,0.9263157894736842,0.891304347826087,210,70,71,34,34,0.6142857142857143,
ionosphere,mnar,oracle,42,0.3,ok,0.9014084507042254,0.8782608695652174,0.9263157894736842,0.9234782608695652,210,70,71,34,34,0.6666666666666666,
ionosphere,mnar,oracle,43,0.3,ok,0.9014084507042254,0.86,0.9292929292929293,0.8608695652173913,210,70,71,34,34,0.7095238095238096,
ionosphere,mnar,oracle,44,0.3,ok,0.8591549295774648,0.8091304347826087,0.9,0.951304347826087,210,70,71,34,34,0.6952380952380952,
ionosphere,mnar,oracle,45,0.3,ok,0.8732394366197183,0.8382608695652174,0.9072164948453608,0.9147826086956522,210,70,71,34,34,0.6666666666666666,
ionosphere,mnar,oracle,46,0.3,ok,0.9014084507042254,0.8691304347826088,0.9278350515463918,0.8886956521739131,210,70,71,34,34,0.6142857142857143,
ionosphere,mnar,unlabeled,42,0.3,ok,0.8309859154929577,0.7965217391304348,0.875,0.8347826086956522,210,70,71,34,34,0.6666666666666666,logistic
ionosphere,mnar,unlabeled,43,0.3,ok,0.8732394366197183,0.8291304347826087,0.9090909090909091,0.8773913043478261,210,70,71,34,34,0.7095238095238096,logistic
ionosphere,mnar,unlabeled,44,0.3,ok,0.8450704225352113,0.7982608695652174,0.8888888888888888,0.9434782608695652,210,70,71,34,34,0.6952380952380952,logistic
ionosphere,mnar,unlabeled,45,0.3,ok,0.8732394366197183,0.8382608695652174,0.9072164948453608,0.8582608695652174,210,70,71,34,34,0.6666666666666666,logistic
ionosphere,mnar,unlabeled,46,0.3,ok,0.9014084507042254,0.8782608695652174,0.9263157894736842,0.9208695652173913,210,70,71,34,34,0.6142857142857143,logistic
spambase,mcar,naive,42,0.1,ok,0.9218241042345277,0.915267039900471,0.8991596638655462,0.9690008590301845,2760,920,921,57,56,0.8923913043478261,
spambase,mcar,naive,42,0.2,ok,0.9229098805646037,0.9156817441274919,0.90014064697609,0.9689021199285128,2760,920,921,57,56,0.7913043478260869,
spambase,mcar,naive,42,0.3,ok,0.9196525515743756,0.9129935720844812,0.896358543417367,0.9680825853846382,2760,920,921,57,56,0.6945652173913044,
spambase,mcar,naive,42,0.4,ok,0.9218241042345277,0.9147856867798216,0.898876404494382,0.9680529636541368,2760,920,921,57,56,0.597463768115942,
spambase,mcar,naive,42,0.5,ok,0.9250814332247557,0.916992505702183,0.9024045261669024,0.9694945545385428,2760,920,921,57,56,0.5028985507246376,
spambase,mcar,naive,43,0.1,ok,0.9131378935939196,0.9042477561539146,0.886685552407932,0.9689613633895159,2760,920,921,57,56,0.9094202898550725,
spambase,mcar,naive,43,0.2,ok,0.9087947882736156,0.8992194674012856,0.8806818181818182,0.9693612567512861,2760,920,921,57,56,0.811231884057971,
spambase,mcar,naive,43,0.3,ok,0.9120521172638436,0.902870345685595,0.8851063829787233,0.9687145156353367,2760,920,921,57,56,0.7199275362318841,
spambase,mcar,naive,43,0.4,ok,0.9109663409337676,0.902455641458574,0.884180790960452,0.9669618965806649,2760,920,921,57,56,0.6206521739130435,
spambase,mcar,naive,43,0.5,ok,0.9109663409337676,0.9063064664237686,0.8867403314917127,0.9657079099894349,2760,920,921,57,56,0.5181159420289855,
spambase,mcar,naive,44,0.1,ok,0.9077090119435396,0.8959166444503688,0.8776978417266187,0.9715730126287312,2760,920,921,57,56,0.9061594202898551,
spambase,mcar,naive,44,0.2,ok,0.9066232356134636,0.8945392339820493,0.8760806916426513,0.9716223821795669,2760,920,921,57,56,0.8018115942028986,
spambase,mcar,naive,44,0.3,ok,0.9033659066232356,0.8904070025770906,0.8712011577424024,0.9709904519288682,2760,920,921,57,56,0.7108695652173913,
spambase,mcar,naive,44,0.4,ok,0.9055374592833876,0.8921991172724311,0.8737300435413643,0.9672038073797604,2760,920,921,57,56,0.5960144927536232,
spambase,mcar,naive,44,0.5,ok,0.9153094462540716,0.9036331052460085,0.8876080691642652,0.9669717704908322,2760,920,921,57,56,0.49782608695652175,
spambase,mcar,naive,45,0.1,ok,0.9066232356134636,0.8983900589472438,0.8788732394366198,0.9665397869210186,2760,920,921,57,56,0.8952898550724637,
spambase,mcar,naive,45,0.2,ok,0.9066232356134636,0.8983900589472438,0.8788732394366198,0.9669100585522873,2760,920,921,57,56,0.7938405797101449,
spambase,mcar,naive,45,0.3,ok,0.9109663409337676,0.9034183476998726,0.8848314606741573,0.9670927258903799,2760,920,921,57,56,0.7010869565217391,
spambase,mcar,naive,45,0.4,ok,0.9142236699239956,0.907069225984182,0.8892005610098177,0.9681887299189352,2760,920,921,57,56,0.6007246376811595,
spambase,mcar,naive,45,0.5,ok,0.9120521172638436,0.9043144050475429,0.8860759493670886,0.9667816977201141,2760,920,921,57,56,0.48876811594202896,
spambase,mcar,naive,46,0.1,ok,0.9120521172638436,0.90623981753014,0.8873435326842837,0.9605685397474254,2760,920,921,57,56,0.8942028985507247,
spambase,mcar,naive,46,0.2,ok,0.9066232356134636,0.8993527651885422,0.8795518207282913,0.9596897617425476,2760,920,921,57,56,0.7956521739130434,
spambase,mcar,naive,46,0.3,ok,0.9055374592833876,0.8984567078408721,0.8783216783216783,0.9564659300729682,2760,920,921,57,56,0.6927536231884058,
spambase,mcar,naive,46,0.4,ok,0.9011943539630836,0.894872478450191,0.8734353268428373,0.9555970259782577,2760,920,921,57,56,0.5996376811594203,
spambase,mcar,naive,46,0.5,ok,0.9011943539630836,0.8943911253295418,0.8730822873082287,0.9538493438786695,2760,920,921,57,56,0.4963768115942029,
spambase,mcar,oracle,42,0.1,ok,0.9229098805646037,0.9171258034894398,0.900976290097629,0.9707880367704416,2760,920,921,57,56,0.8923913043478261,
spambase,mcar,oracle,42,0.2,ok,0.9229098805646037,0.9171258034894398,0.900976290097629,0.9707880367704416,2760,920,921,57,56,0.7913043478260869,
spambase,mcar,oracle,42,0.3,ok,0.9229098805646037,0.9171258034894398,0.900976290097629,0.9707880367704416,2760,920,921,57,56,0.6945652173913044,
spambase,mcar,oracle,42,0.4,ok,0.9229098805646037,0.9171258034894398,0.900976290097629,0.9707880367704416,2760,920,921,57,56,0.597463768115942,
spambase,mcar,oracle,42,0.5,ok,0.9229098805646037,0.9171258034894398,0.900976290097629,0.9707880367704416,2760,920,921,57,56,0.5028985507246376,
spambase,mcar,oracle,43,0.1,ok,0.9163952225841476,0.9078986344382238,0.8910891089108911,0.9698747000799788,2760,920,921,57,56,0.9094202898550725,
spambase,mcar,oracle,43,0.2,ok,0.9163952225841476,0.9078986344382238,0.8910891089108911,0.9698747000799788,2760,920,921,57,56,0.811231884057971,
spambase,mcar,oracle,43,0.3,ok,0.9163952225841476,0.9078986344382238,0.8910891089108911,0.9698747000799788,2760,920,921,57,56,0.7199275362318841,
spambase,mcar,oracle,43,0.4,ok,0.9163952225841476,0.9078986344382238,0.8910891089108911,0.9698747000799788,2760,920,921,57,56,0.6206521739130435,
spambase,mcar,oracle,43,0.5,ok,0.9163952225841476,0.9078986344382238,0.8910891089108911,0.9698747000799788,2760,920,921,57,56,0.5181159420289855,
spambase,mcar,oracle,44,0.1,ok,0.9066232356134636,0.8940578808613999,0.8757225433526011,0.9719185994845819,2760,920,921,57,56,0.9061594202898551,
spambase,mcar,oracle,44,0.2,ok,0.9066232356134636,0.8940578808613999,0.8757225433526011,0.9719185994845819,2760,920,921,57,56,0.8018115942028986,
spambase,mcar,oracle,44,0.3,ok,0.9066232356134636,0.8940578808613999,0.8757225433526011,0.9719185994845819,2760,920,921,57,56,0.7108695652173913,
spambase,mcar,oracle,44,0.4,ok,0.9066232356134636,0.8940578808613999,0.8757225433526011,0.9719185994845819,2760,920,921,57,56,0.5960144927536232,
spambase,mcar,oracle,44,0.5,ok,0.9066232356134636,0.8940578808613999,0.8757225433526011,0.9719185994845819,2760,920,921,57,56,0.49782608695652175,
spambase,mcar,oracle,45,0.1,ok,0.9109663409337676,0.903899700820522,0.8851540616246498,0.9670137346090425,2760,920,921,57,56,0.8952898550724637,
spambase,mcar,oracle,45,0.2,ok,0.9109663409337676,0.903899700820522,0.8851540616246498,0.9670137346090425,2760,920,921,57,56,0.7938405797101449,
spambase,mcar,oracle,45,0.3,ok,0.9109663409337676,0.903899700820522,0.8851540616246498,0.9670137346090425,2760,920,921,57,56,0.7010869565217391,
spambase,mcar,oracle,45,0.4,ok,0.9109663409337676,0.903899700820522,0.8851540616246498,0.9670137346090425,2760,920,921,57,56,0.6007246376811595,
spambase,mcar,oracle,45,0.5,ok,0.9109663409337676,0.903899700820522,0.8851540616246498,0.9670137346090425,2760,920,921,57,56,0.48876811594202896,
spambase,mcar,oracle,46,0.1,ok,0.9153094462540716,0.9084466364525016,0.8907563025210085,0.961590489449727,2760,920,921,57,56,0.8942028985507247,
spambase,mcar,oracle,46,0.2,ok,0.9153094462540716,0.9084466364525016,0.8907563025210085,0.961590489449727,2760,920,921,57,56,0.7956521739130434,
spambase,mcar,oracle,46,0.3,ok,0.9153094462540716,0.9084466364525016,0.8907563025210085,0.961590489449727,2760,920,921,57,56,0.6927536231884058,
spambase,mcar,oracle,46,0.4,ok,0.9153094462540716,0.9084466364525016,0.8907563025210085,0.961590489449727,2760,920,921,57,56,0.5996376811594203,
spambase,mcar,oracle,46,0.5,ok,0.9153094462540716,0.9084466364525016,0.8907563025210085,0.961590489449727,2760,920,921,57,56,0.4963768115942029,
spambase,mcar,unlabeled,42,0.1,ok,0.9077090119435396,0.9007301756568619,0.8811188811188811,0.9610276765701985,2760,920,921,57,56,0.8923913043478261,logistic
spambase,mcar,unlabeled,42,0.2,ok,0.9077090119435396,0.9007301756568619,0.8811188811188811,0.9626716826130316,2760,920,921,57,56,0.7913043478260869,logistic
spambase,mcar,unlabeled,42,0.3,ok,0.9163952225841476,0.9093426938001719,0.8920056100981767,0.962489015274939,2760,920,921,57,56,0.6945652173913044,logistic
spambase,mcar,unlabeled,42,0.4,ok,0.9109663409337676,0.9043810539411712,0.8854748603351955,0.9610079287498643,2760,920,921,57,56,0.597463768115942,logistic
spambase,mcar,unlabeled,42,0.5,ok,0.9250814332247557,0.916992505702183,0.9024045261669024,0.9633134867738974,2760,920,921,57,56,0.5028985507246376,logistic
spambase,mcar,unlabeled,43,0.1,ok,0.9120521172638436,0.9052771112888416,0.8867132867132868,0.9662016054977931,2760,920,921,57,56,0.9094202898550725,logistic
spambase,mcar,unlabeled,43,0.2,ok,0.9098805646036916,0.9030036434728517,0.8839160839160839,0.9665521293087276,2760,920,921,57,56,0.811231884057971,logistic
spambase,mcar,unlabeled,43,0.3,ok,0.9077090119435396,0.9002488225362125,0.8807854137447405,0.9631110716154705,2760,920,921,57,56,0.7199275362318841,logistic
spambase,mcar,unlabeled,43,0.4,ok,0.9044516829533116,0.8975606504932018,0.8770949720670391,0.9611017308964523,2760,920,921,57,56,0.6206521739130435,logistic
spambase,mcar,unlabeled,43,0.5,ok,0.9011943539630836,0.897760597174087,0.8755129958960328,0.9607067744897657,2760,920,921,57,56,0.5181159420289855,logistic
spambase,mcar,unlabeled,44,0.1,ok,0.9066232356134636,0.8959832933439972,0.8771428571428571,0.9686651460845009,2760,920,921,57,56,0.9061594202898551,logistic
spambase,mcar,unlabeled,44,0.2,ok,0.9044516829533116,0.8927471192867087,0.8735632183908046,0.9686157765336652,2760,920,921,57,56,0.8018115942028986,logistic
spambase,mcar,unlabeled,44,0.3,ok,0.9109663409337676,0.8986048164933795,0.8815028901734104,0.96825044185748,2760,920,921,57,56,0.7108695652173913,logistic
spambase,mcar,unlabeled,44,0.4,ok,0.9087947882736156,0.8968127017980391,0.8789625360230547,0.9623507805325987,2760,920,921,57,56,0.5960144927536232,logistic
spambase,mcar,unlabeled,44,0.5,ok,0.9087947882736156,0.8944059361947925,0.8771929824561403,0.9603266289483299,2760,920,921,57,56,0.49782608695652175,logistic
spambase,mcar,unlabeled,45,0.1,ok,0.8990228013029316,0.889229538789656,0.8680851063829788,0.9619582926034539,2760,920,921,57,56,0.8952898550724637,logistic
spambase,mcar,unlabeled,45,0.2,ok,0.9066232356134636,0.8983900589472438,0.8788732394366198,0.9620175360644568,2760,920,921,57,56,0.7938405797101449,logistic
spambase,mcar,unlabeled,45,0.3,ok,0.9077090119435396,0.8997674694155633,0.8804500703234881,0.9613757319035912,2760,920,921,57,56,0.7010869565217391,logistic
spambase,mcar,unlabeled,45,0.4,ok,0.9055374592833876,0.8979753547202227,0.8779803646563815,0.9626247815397376,2760,920,921,57,56,0.6007246376811595,logistic
spambase,mcar,unlabeled,45,0.5,ok,0.9011943539630836,0.8919843597262952,0.8712871287128713,0.9592034716668146,2760,920,921,57,56,0.48876811594202896,logistic
spambase,mcar,unlabeled,46,0.1,ok,0.9011943539630836,0.891503006605646,0.8709219858156029,0.9579865122387118,2760,920,921,57,56,0.8942028985507247,logistic
spambase,mcar,unlabeled,46,0.2,ok,0.9001085776330076,0.8910883023786249,0.8700564971751412,0.9574088884939326,2760,920,921,57,56,0.7956521739130434,logistic
spambase,mcar,unlabeled,46,0.3,ok,0.8990228013029316,0.8916363043929026,0.8699300699300699,0.9529853767390424,2760,920,921,57,56,0.6927536231884058,logistic
spambase,mcar,unlabeled,46,0.4,ok,0.8957654723127035,0.8884667792292426,0.8659217877094972,0.9509760360200243,2760,920,921,57,56,0.5996376811594203,logistic
spambase,mcar,unlabeled,46,0.5,ok,0.8990228013029316,0.8916363043929026,0.8699300699300699,0.9482360259486359,2760,920,921,57,56,0.4963768115942029,logistic
spambase,mar1,naive,42,0.3,ok,0.9196525515743756,0.9120308658431826,0.895774647887324,0.9685812178480799,2760,920,921,57,56,0.6894927536231884,
spambase,mar1,naive,43,0.3,ok,0.9077090119435396,0.8997674694155633,0.8804500703234881,0.968048026699053,2760,920,921,57,56,0.7159420289855073,
spambase,mar1,naive,44,0.3,ok,0.9044516829533116,0.8922657661660593,0.8731988472622478,0.9698203935740594,2760,920,921,57,56,0.7021739130434783,
spambase,mar1,naive,45,0.3,ok,0.9044516829533116,0.8951538848899553,0.8753541076487252,0.9661744522448334,2760,920,921,57,56,0.7007246376811594,
spambase,mar1,naive,46,0.3,ok,0.9066232356134636,0.8998341183091916,0.8798882681564246,0.9539530199354247,2760,920,921,57,56,0.6905797101449276,
spambase,mar1,oracle,42,0.3,ok,0.9229098805646037,0.9171258034894398,0.900976290097629,0.9707880367704416,2760,920,921,57,56,0.6894927536231884,
spambase,mar1,oracle,43,0.3,ok,0.9163952225841476,0.9078986344382238,0.8910891089108911,0.9698747000799788,2760,920,921,57,56,0.7159420289855073,
spambase,mar1,oracle,44,0.3,ok,0.9066232356134636,0.8940578808613999,0.8757225433526011,0.9719185994845819,2760,920,921,57,56,0.7021739130434783,
spambase,mar1,oracle,45,0.3,ok,0.9109663409337676,0.903899700820522,0.8851540616246498,0.9670137346090425,2760,920,921,57,56,0.7007246376811594,
spambase,mar1,oracle,46,0.3,ok,0.9153094462540716,0.9084466364525016,0.8907563025210085,0.961590489449727,2760,920,921,57,56,0.6905797101449276,
spambase,mar1,unlabeled,42,0.3,ok,0.9120521172638436,0.9047957581681922,0.8863955119214586,0.9630419542443004,2760,920,921,57,56,0.6894927536231884,logistic
spambase,mar1,unlabeled,43,0.3,ok,0.9055374592833876,0.8989380609615214,0.8786610878661087,0.9666113727697305,2760,920,921,57,56,0.7159420289855073,logistic
spambase,mar1,unlabeled,44,0.3,ok,0.9022801302931596,0.890473651470719,0.8706896551724138,0.9672038073797605,2760,920,921,57,56,0.7021739130434783,logistic
spambase,mar1,unlabeled,45,0.3,ok,0.8990228013029316,0.8901922450309547,0.8688293370944993,0.9602747909199523,2760,920,921,57,56,0.7007246376811594,logistic
spambase,mar1,unlabeled,46,0.3,ok,0.9011943539630836,0.8934284190882431,0.8723702664796634,0.9521757161053349,2760,920,921,57,56,0.6905797101449276,logistic
spambase,mar2,naive,42,0.3,ok,0.9218241042345277,0.916711099262419,0.9,0.9682208201269785,2760,920,921,57,56,0.6858695652173913,
spambase,mar2,naive,43,0.3,ok,0.9120521172638436,0.9052771112888416,0.8867132867132868,0.9716371930448177,2760,920,921,57,56,0.7090579710144927,
spambase,mar2,naive,44,0.3,ok,0.9174809989142236,0.9073506324239462,0.8914285714285715,0.9721210146430088,2760,920,921,57,56,0.7061594202898551,
spambase,mar2,naive,45,0.3,ok,0.9120521172638436,0.9038330519268936,0.8857545839210155,0.9681936668740188,2760,920,921,57,56,0.6905797101449276,
spambase,mar2,naive,46,0.3,ok,0.9022801302931596,0.895287182677212,0.8743016759776536,0.9555822151130069,2760,920,921,57,56,0.7072463768115942,
spambase,mar2,oracle,42,0.3,ok,0.9229098805646037,0.9171258034894398,0.900976290097629,0.9707880367704416,2760,920,921,57,56,0.6858695652173913,
spambase,mar2,oracle,43,0.3,ok,0.9163952225841476,0.9078986344382238,0.8910891089108911,0.9698747000799788,2760,920,921,57,56,0.7090579710144927,
spambase,mar2,oracle,44,0.3,ok,0.9066232356134636,0.8940578808613999,0.8757225433526011,0.9719185994845819,2760,920,921,57,56,0.7061594202898551,
spambase,mar2,oracle,45,0.3,ok,0.9109663409337676,0.903899700820522,0.8851540616246498,0.9670137346090425,2760,920,921,57,56,0.6905797101449276,
spambase,mar2,oracle,46,0.3,ok,0.9153094462540716,0.9084466364525016,0.8907563025210085,0.961590489449727,2760,920,921,57,56,0.7072463768115942,
spambase,mar2,unlabeled,42,0.3,ok,0.9163952225841476,0.912712165644717,0.8940852819807428,0.9629925846934644,2760,920,921,57,56,0.6858695652173913,logistic
spambase,mar2,unlabeled,43,0.3,ok,0.9174809989142236,0.9121641636304393,0.8944444444444445,0.9689613633895159,2760,920,921,57,56,0.7090579710144927,logistic
spambase,mar2,unlabeled,44,0.3,ok,0.9163952225841476,0.906454575076276,0.8901569186875892,0.9682899374981487,2760,920,921,57,56,0.7061594202898551,logistic
spambase,mar2,unlabeled,45,0.3,ok,0.9120521172638436,0.9052771112888416,0.8867132867132868,0.962086653435627,2760,920,921,57,56,0.6905797101449276,logistic
spambase,mar2,unlabeled,46,0.3,ok,0.8979370249728555,0.8907402470452324,0.8687150837988827,0.9511438924928661,2760,920,921,57,56,0.7072463768115942,logistic
spambase,mnar,naive,42,0.3,ok,0.8870792616720955,0.8649323143458041,0.8414634146341463,0.9668285987934083,2760,920,921,57,56,0.6902173913043478,
spambase,mnar,naive,43,0.3,ok,0.9044516829533116,0.8874522349595664,0.8694362017804155,0.9702745934417488,2760,920,921,57,56,0.7072463768115942,
spambase,mnar,naive,44,0.3,ok,0.8946796959826275,0.8721674220207944,0.8514548238897397,0.9658461447317752,2760,920,921,57,56,0.7010869565217391,
spambase,mnar,naive,45,0.3,ok,0.8870792616720955,0.8683017861903493,0.844776119402985,0.9649599612942721,2760,920,921,57,56,0.6996376811594203,
spambase,mnar,naive,46,0.3,ok,0.9001085776330076,0.8829052993275868,0.8635014836795252,0.9557994411366846,2760,920,921,57,56,0.7010869565217391,
spambase,mnar,oracle,42,0.3,ok,0.9229098805646037,0.9171258034894398,0.900976290097629,0.9707880367704416,2760,920,921,57,56,0.6902173913043478,
spambase,mnar,oracle,43,0.3,ok,0.9163952225841476,0.9078986344382238,0.8910891089108911,0.9698747000799788,2760,920,921,57,56,0.7072463768115942,
spambase,mnar,oracle,44,0.3,ok,0.9066232356134636,0.8940578808613999,0.8757225433526011,0.9719185994845819,2760,920,921,57,56,0.7010869565217391,
spambase,mnar,oracle,45,0.3,ok,0.9109663409337676,0.903899700820522,0.8851540616246498,0.9670137346090425,2760,920,921,57,56,0.6996376811594203,
spambase,mnar,oracle,46,0.3,ok,0.9153094462540716,0.9084466364525016,0.8907563025210085,0.961590489449727,2760,920,921,57,56,0.7010869565217391,
spambase,mnar,unlabeled,42,0.3,ok,0.8849077090119435,0.8660283183743593,0.8417910447761194,0.954422030668365,2760,920,921,57,56,0.6902173913043478,logistic
spambase,mnar,unlabeled,43,0.3,ok,0.9055374592833876,0.8926804703930804,0.874095513748191,0.963555397572993,2760,920,921,57,56,0.7072463768115942,logistic
spambase,mnar,unlabeled,44,0.3,ok,0.8979370249728555,0.879187772149649,0.8592814371257484,0.9572064733355057,2760,920,921,57,56,0.7010869565217391,logistic
spambase,mnar,unlabeled,45,0.3,ok,0.8935939196525515,0.8784916614828638,0.8567251461988304,0.9556192422761337,2760,920,921,57,56,0.6996376811594203,logistic
spambase,mnar,unlabeled,46,0.3,ok,0.8946796959826275,0.8769809532272875,0.8558692421991084,0.9507686839065139,2760,920,921,57,56,0.7010869565217391,logistic
madelon,mcar,naive,42,0.1,ok,0.5211538461538462,0.5211538461538461,0.5183752417794971,0.5463017751479291,1560,520,520,500,490,0.8935897435897436,
madelon,mcar,naive,42,0.2,ok,0.5384615384615384,0.5384615384615384,0.5366795366795367,0.559423076923077,1560,520,520,500,490,0.7858974358974359,
madelon,mcar,naive,42,0.3,ok,0.5403846153846154,0.5403846153846154,0.5285996055226825,0.5498076923076923,1560,520,520,500,490,0.6897435897435897,
madelon,mcar,naive,42,0.4,ok,0.5461538461538461,0.5461538461538462,0.5241935483870968,0.5440828402366864,1560,520,520,500,490,0.5942307692307692,
madelon,mcar,naive,42,0.5,ok,0.5173076923076924,0.5173076923076922,0.502970297029703,0.5149260355029586,1560,520,520,500,490,0.5064102564102564,
madelon,mcar,naive,43,0.1,ok,0.5096153846153846,0.5096153846153846,0.5124282982791587,0.5432692307692307,1560,520,520,500,490,0.9051282051282051,
madelon,mcar,naive,43,0.2,ok,0.5134615384615384,0.5134615384615384,0.5029469548133595,0.5196745562130178,1560,520,520,500,490,0.8051282051282052,
madelon,mcar,naive,43,0.3,ok,0.5019230769230769,0.5019230769230769,0.50853889943074,0.526775147928994,1560,520,520,500,490,0.7211538461538461,
madelon,mcar,naive,43,0.4,ok,0.5115384615384615,0.5115384615384615,0.5243445692883895,0.524689349112426,1560,520,520,500,490,0.6166666666666667,
madelon,mcar,naive,43,0.5,ok,0.5288461538461539,0.5288461538461539,0.5454545454545454,0.5302071005917159,1560,520,520,500,490,0.5134615384615384,
madelon,mcar,naive,44,0.1,ok,0.5269230769230769,0.5269230769230769,0.5119047619047619,0.5234763313609467,1560,520,520,500,490,0.907051282051282,
madelon,mcar,naive,44,0.2,ok,0.5115384615384615,0.5115384615384615,0.50390625,0.510991124260355,1560,520,520,500,490,0.8038461538461539,
madelon,mcar,naive,44,0.3,ok,0.5269230769230769,0.5269230769230769,0.49382716049382713,0.5164940828402367,1560,520,520,500,490,0.7083333333333334,
madelon,mcar,naive,44,0.4,ok,0.5480769230769231,0.5480769230769231,0.5364891518737672,0.5518047337278106,1560,520,520,500,490,0.5974358974358974,
madelon,mcar,naive,44,0.5,ok,0.5480769230769231,0.5480769230769231,0.5346534653465347,0.5586834319526627,1560,520,520,500,490,0.4967948717948718,
madelon,mcar,naive,45,0.1,ok,0.5423076923076923,0.5423076923076924,0.531496062992126,0.5591863905325445,1560,520,520,500,490,0.892948717948718,
madelon,mcar,naive,45,0.2,ok,0.5365384615384615,0.5365384615384615,0.5189620758483033,0.545784023668639,1560,520,520,500,490,0.7865384615384615,
madelon,mcar,naive,45,0.3,ok,0.5384615384615384,0.5384615384615385,0.5180722891566265,0.5380917159763314,1560,520,520,500,490,0.6987179487179487,
madelon,mcar,naive,45,0.4,ok,0.5057692307692307,0.5057692307692307,0.47657841140529533,0.520414201183432,1560,520,520,500,490,0.5974358974358974,
madelon,mcar,naive,45,0.5,ok,0.5288461538461539,0.5288461538461539,0.49064449064449067,0.5345118343195266,1560,520,520,500,490,0.4846153846153846,
madelon,mcar,naive,46,0.1,ok,0.5365384615384615,0.5365384615384615,0.5374280230326296,0.5499852071005917,1560,520,520,500,490,0.8974358974358975,
madelon,mcar,naive,46,0.2,ok,0.5153846153846153,0.5153846153846153,0.5227272727272727,0.5389940828402366,1560,520,520,500,490,0.7942307692307692,
madelon,mcar,naive,46,0.3,ok,0.5115384615384615,0.5115384615384615,0.5189393939393939,0.5250739644970415,1560,520,520,500,490,0.6878205128205128,
madelon,mcar,naive,46,0.4,ok,0.5230769230769231,0.523076923076923,0.5320754716981132,0.5310059171597633,1560,520,520,500,490,0.5935897435897436,
madelon,mcar,naive,46,0.5,ok,0.5403846153846154,0.5403846153846155,0.5482041587901701,0.5504733727810651,1560,520,520,500,490,0.4858974358974359,
madelon,mcar,oracle,42,0.1,ok,0.5096153846153846,0.5096153846153846,0.5067698259187621,0.5313905325443787,1560,520,520,500,490,0.8935897435897436,
madelon,mcar,oracle,42,0.2,ok,0.5096153846153846,0.5096153846153846,0.5067698259187621,0.5313905325443787,1560,520,520,500,490,0.7858974358974359,
madelon,mcar,oracle,42,0.3,ok,0.5096153846153846,0.5096153846153846,0.5067698259187621,0.5313905325443787,1560,520,520,500,490,0.6897435897435897,
madelon,mcar,oracle,42,0.4,ok,0.5096153846153846,0.5096153846153846,0.5067698259187621,0.5313905325443787,1560,520,520,500,490,0.5942307692307692,
madelon,mcar,oracle,42,0.5,ok,0.5096153846153846,0.5096153846153846,0.5067698259187621,0.5313905325443787,1560,520,520,500,490,0.5064102564102564,
madelon,mcar,oracle,43,0.1,ok,0.5153846153846153,0.5153846153846153,0.5172413793103449,0.5205473372781064,1560,520,520,500,490,0.9051282051282051,
madelon,mcar,oracle,43,0.2,ok,0.5153846153846153,0.5153846153846153,0.5172413793103449,0.5205473372781064,1560,520,520,500,490,0.8051282051282052,
madelon,mcar,oracle,43,0.3,ok,0.5153846153846153,0.5153846153846153,0.5172413793103449,0.5205473372781064,1560,520,520,500,490,0.7211538461538461,
madelon,mcar,oracle,43,0.4,ok,0.5153846153846153,0.5153846153846153,0.5172413793103449,0.5205473372781064,1560,520,520,500,490,0.6166666666666667,
madelon,mcar,oracle,43,0.5,ok,0.5153846153846153,0.5153846153846153,0.5172413793103449,0.5205473372781064,1560,520,520,500,490,0.5134615384615384,
madelon,mcar,oracle,44,0.1,ok,0.5230769230769231,0.523076923076923,0.5285171102661597,0.5398520710059171,1560,520,520,500,490,0.907051282051282,
madelon,mcar,oracle,44,0.2,ok,0.5230769230769231,0.523076923076923,0.5285171102661597,0.5398520710059171,1560,520,520,500,490,0.8038461538461539,
madelon,mcar,oracle,44,0.3,ok,0.5230769230769231,0.523076923076923,0.5285171102661597,0.5398520710059171,1560,520,520,500,490,0.7083333333333334,
madelon,mcar,oracle,44,0.4,ok,0.5230769230769231,0.523076923076923,0.5285171102661597,0.5398520710059171,1560,520,520,500,490,0.5974358974358974,
madelon,mcar,oracle,44,0.5,ok,0.5230769230769231,0.523076923076923,0.5285171102661597,0.5398520710059171,1560,520,520,500,490,0.4967948717948718,
madelon,mcar,oracle,45,0.1,ok,0.5403846153846154,0.5403846153846154,0.5285996055226825,0.561405325443787,1560,520,520,500,490,0.892948717948718,
madelon,mcar,oracle,45,0.2,ok,0.5403846153846154,0.5403846153846154,0.5285996055226825,0.561405325443787,1560,520,520,500,490,0.7865384615384615,
madelon,mcar,oracle,45,0.3,ok,0.5403846153846154,0.5403846153846154,0.5285996055226825,0.561405325443787,1560,520,520,500,490,0.6987179487179487,
madelon,mcar,oracle,45,0.4,ok,0.5403846153846154,0.5403846153846154,0.5285996055226825,0.561405325443787,1560,520,520,500,490,0.5974358974358974,
madelon,mcar,oracle,45,0.5,ok,0.5403846153846154,0.5403846153846154,0.5285996055226825,0.561405325443787,1560,520,520,500,490,0.4846153846153846,
madelon,mcar,oracle,46,0.1,ok,0.5230769230769231,0.523076923076923,0.515625,0.5587426035502958,1560,520,520,500,490,0.8974358974358975,
madelon,mcar,oracle,46,0.2,ok,0.5230769230769231,0.523076923076923,0.515625,0.5587426035502958,1560,520,520,500,490,0.7942307692307692,
madelon,mcar,oracle,46,0.3,ok,0.5230769230769231,0.523076923076923,0.515625,0.5587426035502958,1560,520,520,500,490,0.6878205128205128,
madelon,mcar,oracle,46,0.4,ok,0.5230769230769231,0.523076923076923,0.515625,0.5587426035502958,1560,520,520,500,490,0.5935897435897436,
madelon,mcar,oracle,46,0.5,ok,0.5230769230769231,0.523076923076923,0.515625,0.5587426035502958,1560,520,520,500,490,0.4858974358974359,
madelon,mcar,unlabeled,42,0.1,ok,0.6326923076923077,0.6326923076923077,0.6276803118908382,0.6531434911242604,1560,520,520,500,490,0.8935897435897436,logistic
madelon,mcar,unlabeled,42,0.2,ok,0.6365384615384615,0.6365384615384615,0.6330097087378641,0.6570784023668639,1560,520,520,500,490,0.7858974358974359,logistic
madelon,mcar,unlabeled,42,0.3,ok,0.6346153846153846,0.6346153846153846,0.6303501945525292,0.6566198224852071,1560,520,520,500,490,0.6897435897435897,logistic
madelon,mcar,unlabeled,42,0.4,ok,0.6096153846153847,0.6096153846153847,0.6073500967117988,0.6218639053254438,1560,520,520,500,490,0.5942307692307692,logistic
madelon,mcar,unlabeled,42,0.5,ok,0.6365384615384615,0.6365384615384615,0.6330097087378641,0.6285798816568047,1560,520,520,500,490,0.5064102564102564,logistic
madelon,mcar,unlabeled,43,0.1,ok,0.6134615384615385,0.6134615384615385,0.6242990654205608,0.6293934911242604,1560,520,520,500,490,0.9051282051282051,logistic
madelon,mcar,unlabeled,43,0.2,ok,0.6076923076923076,0.6076923076923078,0.6165413533834586,0.6309763313609467,1560,520,520,500,490,0.8051282051282052,logistic
madelon,mcar,unlabeled,43,0.3,ok,0.6134615384615385,0.6134615384615385,0.6214689265536724,0.6298076923076923,1560,520,520,500,490,0.7211538461538461,logistic
madelon,mcar,unlabeled,43,0.4,ok,0.6134615384615385,0.6134615384615385,0.6171428571428571,0.620991124260355,1560,520,520,500,490,0.6166666666666667,logistic
madelon,mcar,unlabeled,43,0.5,ok,0.5961538461538461,0.5961538461538461,0.6052631578947368,0.6178846153846154,1560,520,520,500,490,0.5134615384615384,logistic
madelon,mcar,unlabeled,44,0.1,ok,0.6096153846153847,0.6096153846153847,0.6027397260273972,0.6247337278106508,1560,520,520,500,490,0.907051282051282,logistic
madelon,mcar,unlabeled,44,0.2,ok,0.6096153846153847,0.6096153846153847,0.6027397260273972,0.6260355029585799,1560,520,520,500,490,0.8038461538461539,logistic
madelon,mcar,unlabeled,44,0.3,ok,0.6076923076923076,0.6076923076923078,0.6015625,0.6244674556213017,1560,520,520,500,490,0.7083333333333334,logistic
madelon,mcar,unlabeled,44,0.4,ok,0.6230769230769231,0.6230769230769231,0.6201550387596899,0.6249556213017751,1560,520,520,500,490,0.5974358974358974,logistic
madelon,mcar,unlabeled,44,0.5,ok,0.6134615384615385,0.6134615384615385,0.6112185686653772,0.6230029585798816,1560,520,520,500,490,0.4967948717948718,logistic
madelon,mcar,unlabeled,45,0.1,ok,0.6192307692307693,0.6192307692307693,0.6071428571428571,0.6384763313609467,1560,520,520,500,490,0.892948717948718,logistic
madelon,mcar,unlabeled,45,0.2,ok,0.6192307692307693,0.6192307692307693,0.6071428571428571,0.6384171597633136,1560,520,520,500,490,0.7865384615384615,logistic
madelon,mcar,unlabeled,45,0.3,ok,0.6134615384615385,0.6134615384615385,0.5988023952095808,0.6370414201183432,1560,520,520,500,490,0.6987179487179487,logistic
madelon,mcar,unlabeled,45,0.4,ok,0.6173076923076923,0.6173076923076923,0.6043737574552683,0.6381213017751479,1560,520,520,500,490,0.5974358974358974,logistic
madelon,mcar,unlabeled,45,0.5,ok,0.6057692307692307,0.6057692307692308,0.590818363273453,0.6333284023668639,1560,520,520,500,490,0.4846153846153846,logistic
madelon,mcar,unlabeled,46,0.1,ok,0.6461538461538462,0.6461538461538461,0.6392156862745098,0.6659467455621302,1560,520,520,500,490,0.8974358974358975,logistic
madelon,mcar,unlabeled,46,0.2,ok,0.6326923076923077,0.6326923076923077,0.6247544204322201,0.6671597633136095,1560,520,520,500,490,0.7942307692307692,logistic
madelon,mcar,unlabeled,46,0.3,ok,0.6326923076923077,0.6326923076923077,0.6247544204322201,0.6674704142011835,1560,520,520,500,490,0.6878205128205128,logistic
madelon,mcar,unlabeled,46,0.4,ok,0.6076923076923076,0.6076923076923078,0.5968379446640316,0.6389792899408284,1560,520,520,500,490,0.5935897435897436,logistic
madelon,mcar,unlabeled,46,0.5,ok,0.5788461538461539,0.5788461538461538,0.5796545105566219,0.5819674556213017,1560,520,520,500,490,0.4858974358974359,logistic
madelon,mar1,naive,42,0.3,ok,0.5153846153846153,0.5153846153846153,0.5078125,0.5294082840236687,1560,520,520,500,490,0.6833333333333333,
madelon,mar1,naive,43,0.3,ok,0.5096153846153846,0.5096153846153846,0.5179584120982986,0.522292899408284,1560,520,520,500,490,0.7141025641025641,
madelon,mar1,naive,44,0.3,ok,0.48846153846153845,0.4884615384615385,0.468,0.49189349112426034,1560,520,520,500,490,0.6987179487179487,
madelon,mar1,naive,45,0.3,ok,0.5442307692307692,0.5442307692307693,0.5362035225048923,0.5522041420118342,1560,520,520,500,490,0.6974358974358974,
madelon,mar1,naive,46,0.3,ok,0.5461538461538461,0.5461538461538462,0.5426356589147286,0.5540532544378698,1560,520,520,500,490,0.691025641025641,
madelon,mar1,oracle,42,0.3,ok,0.5096153846153846,0.5096153846153846,0.5067698259187621,0.5313905325443787,1560,520,520,500,490,0.6833333333333333,
madelon,mar1,oracle,43,0.3,ok,0.5153846153846153,0.5153846153846153,0.5172413793103449,0.5205473372781064,1560,520,520,500,490,0.7141025641025641,
madelon,mar1,oracle,44,0.3,ok,0.5230769230769231,0.523076923076923,0.5285171102661597,0.5398520710059171,1560,520,520,500,490,0.6987179487179487,
madelon,mar1,oracle,45,0.3,ok,0.5403846153846154,0.5403846153846154,0.5285996055226825,0.561405325443787,1560,520,520,500,490,0.6974358974358974,
madelon,mar1,oracle,46,0.3,ok,0.5230769230769231,0.523076923076923,0.515625,0.5587426035502958,1560,520,520,500,490,0.691025641025641,
madelon,mar1,unlabeled,42,0.3,ok,0.6326923076923077,0.6326923076923077,0.6276803118908382,0.6533062130177516,1560,520,520,500,490,0.6833333333333333,logistic
madelon,mar1,unlabeled,43,0.3,ok,0.551923076923077,0.551923076923077,0.5612052730696798,0.5817011834319528,1560,520,520,500,490,0.7141025641025641,logistic
madelon,mar1,unlabeled,44,0.3,ok,0.6134615384615385,0.6134615384615385,0.6051080550098232,0.6270118343195266,1560,520,520,500,490,0.6987179487179487,logistic
madelon,mar1,unlabeled,45,0.3,ok,0.6192307692307693,0.6192307692307693,0.6071428571428571,0.6384615384615384,1560,520,520,500,490,0.6974358974358974,logistic
madelon,mar1,unlabeled,46,0.3,ok,0.6326923076923077,0.6326923076923077,0.6232741617357002,0.6687500000000001,1560,520,520,500,490,0.691025641025641,logistic
madelon,mar2,naive,42,0.3,ok,0.5365384615384615,0.5365384615384616,0.5150905432595574,0.5676331360946746,1560,520,520,500,490,0.6903846153846154,
madelon,mar2,naive,43,0.3,ok,0.4980769230769231,0.4980769230769231,0.5028571428571429,0.5124408284023668,1560,520,520,500,490,0.7192307692307692,
madelon,mar2,naive,44,0.3,ok,0.5038461538461538,0.5038461538461538,0.47346938775510206,0.5146005917159764,1560,520,520,500,490,0.7076923076923077,
madelon,mar2,naive,45,0.3,ok,0.5423076923076923,0.5423076923076924,0.5201612903225806,0.5547337278106509,1560,520,520,500,490,0.683974358974359,
madelon,mar2,naive,46,0.3,ok,0.5346153846153846,0.5346153846153846,0.5399239543726235,0.5581656804733728,1560,520,520,500,490,0.6948717948717948,
madelon,mar2,oracle,42,0.3,ok,0.5096153846153846,0.5096153846153846,0.5067698259187621,0.5313905325443787,1560,520,520,500,490,0.6903846153846154,
madelon,mar2,oracle,43,0.3,ok,0.5153846153846153,0.5153846153846153,0.5172413793103449,0.5205473372781064,1560,520,520,500,490,0.7192307692307692,
madelon,mar2,oracle,44,0.3,ok,0.5230769230769231,0.523076923076923,0.5285171102661597,0.5398520710059171,1560,520,520,500,490,0.7076923076923077,
madelon,mar2,oracle,45,0.3,ok,0.5403846153846154,0.5403846153846154,0.5285996055226825,0.561405325443787,1560,520,520,500,490,0.683974358974359,
madelon,mar2,oracle,46,0.3,ok,0.5230769230769231,0.523076923076923,0.515625,0.5587426035502958,1560,520,520,500,490,0.6948717948717948,
madelon,mar2,unlabeled,42,0.3,ok,0.6442307692307693,0.6442307692307692,0.6351084812623274,0.645103550295858,1560,520,520,500,490,0.6903846153846154,logistic
madelon,mar2,unlabeled,43,0.3,ok,0.6,0.6000000000000001,0.6075471698113207,0.6203846153846153,1560,520,520,500,490,0.7192307692307692,logistic
madelon,mar2,unlabeled,44,0.3,ok,0.6153846153846154,0.6153846153846154,0.6078431372549019,0.6262869822485208,1560,520,520,500,490,0.7076923076923077,logistic
madelon,mar2,unlabeled,45,0.3,ok,0.6057692307692307,0.6057692307692307,0.5924453280318092,0.6333579881656806,1560,520,520,500,490,0.683974358974359,logistic
madelon,mar2,unlabeled,46,0.3,ok,0.6153846153846154,0.6153846153846154,0.6078431372549019,0.6458284023668639,1560,520,520,500,490,0.6948717948717948,logistic
madelon,mnar,naive,42,0.3,ok,0.5423076923076923,0.5423076923076923,0.49361702127659574,0.5595266272189349,1560,520,520,500,490,0.6878205128205128,
madelon,mnar,naive,43,0.3,ok,0.49615384615384617,0.49615384615384617,0.4609053497942387,0.5116272189349111,1560,520,520,500,490,0.716025641025641,
madelon,mnar,naive,44,0.3,ok,0.5384615384615384,0.5384615384615384,0.4713656387665198,0.544008875739645,1560,520,520,500,490,0.7038461538461539,
madelon,mnar,naive,45,0.3,ok,0.5153846153846153,0.5153846153846153,0.4375,0.5184319526627219,1560,520,520,500,490,0.6916666666666667,
madelon,mnar,naive,46,0.3,ok,0.5057692307692307,0.5057692307692307,0.4589473684210526,0.5359319526627219,1560,520,520,500,490,0.6993589743589743,
madelon,mnar,oracle,42,0.3,ok,0.5096153846153846,0.5096153846153846,0.5067698259187621,0.5313905325443787,1560,520,520,500,490,0.6878205128205128,
madelon,mnar,oracle,43,0.3,ok,0.5153846153846153,0.5153846153846153,0.5172413793103449,0.5205473372781064,1560,520,520,500,490,0.716025641025641,
madelon,mnar,oracle,44,0.3,ok,0.5230769230769231,0.523076923076923,0.5285171102661597,0.5398520710059171,1560,520,520,500,490,0.7038461538461539,
madelon,mnar,oracle,45,0.3,ok,0.5403846153846154,0.5403846153846154,0.5285996055226825,0.561405325443787,1560,520,520,500,490,0.6916666666666667,
madelon,mnar,oracle,46,0.3,ok,0.5230769230769231,0.523076923076923,0.515625,0.5587426035502958,1560,520,520,500,490,0.6993589743589743,
madelon,mnar,unlabeled,42,0.3,ok,0.6384615384615384,0.6384615384615384,0.6313725490196078,0.6472633136094674,1560,520,520,500,490,0.6878205128205128,logistic
madelon,mnar,unlabeled,43,0.3,ok,0.5557692307692308,0.5557692307692308,0.5514563106796116,0.566923076923077,1560,520,520,500,490,0.716025641025641,logistic
madelon,mnar,unlabeled,44,0.3,ok,0.5942307692307692,0.5942307692307692,0.5838264299802761,0.6193934911242603,1560,520,520,500,490,0.7038461538461539,logistic
madelon,mnar,unlabeled,45,0.3,ok,0.6230769230769231,0.6230769230769231,0.6111111111111112,0.6384467455621301,1560,520,520,500,490,0.6916666666666667,logistic
madelon,mnar,unlabeled,46,0.3,ok,0.6326923076923077,0.6326923076923077,0.6247544204322201,0.6672337278106508,1560,520,520,500,490,0.6993589743589743,logistic
